gemv	5	1123775634845760	1956160	1123775636810112
gemv	6	1123775634850752	1986944	1123775636853120
gemv	7	1123775634851328	1955968	1123775636816192
gemv	8	1123775634851648	1956864	1123775636829824
gemv	9	1123775634851968	1843968	1123775636724160
gemv	10	1123775634852288	1970048	1123775636823360
gemv	66	1123775637233728	498112	1123775637757056
gemv	67	1123775637235968	490112	1123775637731264
gemv	68	1123775637236288	506880	1123775637759424
gemv	69	1123775637238272	507904	1123775637754752
gemv	70	1123775637238720	498432	1123775637762816
gemv	71	1123775637239040	490432	1123775637730368
gemv	72	1123775638116416	552256	1123775638742144
gemv	73	1123775638118848	533120	1123775638788096
gemv	74	1123775638119552	591360	1123775638718336
gemv	75	1123775638120128	539904	1123775638738432
gemv	76	1123775638120576	522752	1123775638783680
gemv	77	1123775638121152	573888	1123775638695616
gemv	78	1123775643353408	2028864	1123775645406528
gemv	79	1123775643355840	2000000	1123775645390400
gemv	80	1123775643356480	2027904	1123775645388800
gemv	81	1123775643357440	2025024	1123775645396480
gemv	82	1123775643357760	2054656	1123775645438656
gemv	83	1123775643358016	2024640	1123775645383424
gemv	84	1123775646134016	9531392	1123775655728256
gemv	85	1123775646136128	9507328	1123775655710912
gemv	86	1123775646136640	9530496	1123775655671744
gemv	87	1123775646136960	9583744	1123775655794304
gemv	88	1123775646137216	9558784	1123775655775232
gemv	89	1123775646137472	9304384	1123775655442304
gemv	114	1123775656186176	9657216	1123775665856064
gemv	115	1123775656188288	9682432	1123775665894144
gemv	116	1123775656188800	9684032	1123775665877568
gemv	117	1123775656188992	9240640	1123775665445568
gemv	118	1123775656189312	9359808	1123775665578304
gemv	119	1123775656189952	9678464	1123775665869184
gemv	104	1123775684841088	10442048	1123775695320384
gemv	105	1123775684845248	10349952	1123775695297088
gemv	106	1123775684845760	9308544	1123775694163520
gemv	107	1123775684846336	10505280	1123775695371904
gemv	108	1123775684846784	10523264	1123775695412992
gemv	109	1123775684847232	10819776	1123775695668352
gemv	134	1123775697167104	2147136	1123775699336640
gemv	135	1123775697170432	1960832	1123775699341568
gemv	136	1123775697171392	2163200	1123775699342720
gemv	137	1123775697172224	2081600	1123775699329984
gemv	138	1123775697172736	2036096	1123775699350144
gemv	139	1123775697173248	2149376	1123775699323712
gemv	162	1123775699748160	586752	1123775700363328
gemv	163	1123775699750336	588288	1123775700370944
gemv	164	1123775699750656	610752	1123775700367872
gemv	165	1123775699750976	603328	1123775700367104
gemv	166	1123775699751296	597376	1123775700367552
gemv	167	1123775699751552	590144	1123775700347328
gemv	140	1123775700731776	600000	1123775701356544
gemv	141	1123775700734272	623040	1123775701362624
gemv	142	1123775700734656	605312	1123775701356288
gemv	143	1123775700734912	618048	1123775701363072
gemv	144	1123775700737344	607360	1123775701367808
gemv	145	1123775700741120	597440	1123775701339392
gemv	194	1123775706821376	1999040	1123775708843072
gemv	195	1123775706823680	1950400	1123775708801792
gemv	196	1123775706824320	1980736	1123775708810304
gemv	197	1123775706824512	2775296	1123775709611520
gemv	198	1123775706824768	2433344	1123775709290624
gemv	199	1123775706825024	1996992	1123775708822656
gemv	148	1123775710486272	9154688	1123775719666752
gemv	149	1123775710488576	9109056	1123775719639168
gemv	150	1123775710488960	9188096	1123775719683776
gemv	151	1123775710489152	9381120	1123775719900032
gemv	152	1123775710489472	11338432	1123775721948032
gemv	153	1123775710489728	9099264	1123775719589888
gemv	154	1123775722544768	9328192	1123775731888128
gemv	155	1123775722547392	9744512	1123775732325888
gemv	156	1123775722547776	9514496	1123775732067264
gemv	157	1123775722548160	9167936	1123775731735488
gemv	158	1123775722548416	9175936	1123775731750336
gemv	159	1123775722549568	9481664	1123775732032000
gemv	168	1123775758037824	9936576	1123775767996288
gemv	169	1123775758040896	9942592	1123775768077632
gemv	170	1123775758041408	9307008	1123775767356800
gemv	171	1123775758042048	9940608	1123775768094272
gemv	172	1123775758042496	9492224	1123775767718336
gemv	173	1123775758042880	10163648	1123775768207680
gemv	120	1123775769404032	2028864	1123775771454528
gemv	121	1123775769406528	2033024	1123775771464768
gemv	122	1123775769406848	2107456	1123775771520000
gemv	123	1123775769407104	2048960	1123775771468352
gemv	124	1123775769407360	2010304	1123775771450560
gemv	125	1123775769408256	2026176	1123775771435200
gemv	126	1123775771901632	573504	1123775772488640
gemv	127	1123775771904000	459776	1123775772923264
gemv	128	1123775771904320	583808	1123775772493184
gemv	129	1123775771904640	563776	1123775772484608
gemv	242	1123775771904960	559872	1123775772486656
gemv	243	1123775771905664	556864	1123775772463104
gemv	160	1123775773379264	584064	1123775773977728
gemv	161	1123775773381568	579264	1123775773978816
gemv	258	1123775773381888	618944	1123775774007040
gemv	259	1123775773382208	569728	1123775773975296
gemv	260	1123775773382464	569600	1123775773980096
gemv	261	1123775773382720	573952	1123775773957568
gemv	274	1123775778713856	1978112	1123775780714752
gemv	275	1123775778716224	1902592	1123775780652288
gemv	276	1123775778716608	1905280	1123775780627456
gemv	277	1123775778716992	1975488	1123775780705088
gemv	278	1123775778717888	1947840	1123775780693312
gemv	279	1123775778718208	1980224	1123775780699136
gemv	192	1123775781741440	9250112	1123775791006336
gemv	193	1123775781743936	9277248	1123775791041536
gemv	290	1123775781744256	9792000	1123775791541696
gemv	291	1123775781744576	9647168	1123775791419968
gemv	292	1123775781744896	9262912	1123775791040768
gemv	293	1123775781745152	9339264	1123775791085248
gemv	262	1123775791968640	9284352	1123775801274496
gemv	263	1123775791971136	9674368	1123775801682304
gemv	264	1123775791971392	9305472	1123775801282368
gemv	265	1123775791971776	9283392	1123775801267136
gemv	266	1123775791972096	9664064	1123775801660992
gemv	267	1123775791972352	9257728	1123775801230848
gemv	280	1123775821533312	11177408	1123775832787776
gemv	281	1123775821538432	10597312	1123775832347840
gemv	282	1123775821539008	11425216	1123775833027584
gemv	283	1123775821539456	11041152	1123775832724288
gemv	284	1123775821539904	24935104	1123775846791424
gemv	285	1123775821540352	11207872	1123775832749632
gemv	228	1123775848546304	2069184	1123775850631744
gemv	229	1123775848548608	4592896	1123775853238144
gemv	230	1123775848548928	2106496	1123775850661376
gemv	231	1123775848549312	2020736	1123775850672128
gemv	232	1123775848550080	1921216	1123775850579264
gemv	233	1123775848550464	2073856	1123775850625152
gemv	316	1123775853927360	574656	1123775854516864
gemv	317	1123775853931392	559360	1123775854522560
gemv	318	1123775853931840	583744	1123775854519808
gemv	319	1123775853932800	559296	1123775854507648
gemv	320	1123775853933312	572352	1123775854527424
gemv	321	1123775853933632	921984	1123775854856640
gemv	206	1123775855365760	583296	1123775855965184
gemv	207	1123775855368512	577728	1123775855965952
gemv	208	1123775855368832	589376	1123775855963008
gemv	209	1123775855369088	570176	1123775855966016
gemv	338	1123775855369280	2111040	1123775857584832
gemv	339	1123775855369536	562240	1123775855932480
gemv	286	1123775869081536	1950016	1123775871048064
gemv	287	1123775869083968	3542144	1123775872717440
gemv	288	1123775869084288	2007104	1123775871097088
gemv	289	1123775869084480	1902464	1123775871008064
gemv	354	1123775869084736	1868992	1123775871049664
gemv	355	1123775869084928	1951232	1123775871036736
gemv	356	1123775873771456	9570240	1123775883370880
gemv	357	1123775873775360	9413824	1123775883224320
gemv	358	1123775873775936	9369152	1123775883149888
gemv	359	1123775873776256	9267712	1123775883054464
gemv	360	1123775873777728	9275712	1123775883068800
gemv	361	1123775873778112	10728960	1123775884508096
gemv	368	1123775885101696	9267392	1123775894452352
gemv	369	1123775885104320	16406336	1123775901737984
gemv	370	1123775885105152	9671104	1123775894836864
gemv	371	1123775885105664	10698432	1123775895873152
gemv	372	1123775885106240	9651776	1123775894895168
gemv	373	1123775885106752	9315648	1123775894423104
gemv	374	1123775916768512	10737152	1123775927529024
gemv	375	1123775916773376	34156800	1123775951148416
gemv	376	1123775916776512	10917824	1123775927781952
gemv	377	1123775916796992	10737856	1123775927615168
gemv	378	1123775916797760	10392256	1123775927446080
gemv	379	1123775916798464	10577536	1123775927377472
gemv	380	1123775952806720	2127488	1123775954951680
gemv	381	1123775952809472	2106112	1123775954950080
gemv	382	1123775952810496	2163200	1123775954979264
gemv	383	1123775952810944	2121856	1123775954952384
gemv	384	1123775952811136	2148736	1123775954986048
gemv	385	1123775952811456	2114368	1123775954926656
gemv	408	1123775955491008	579136	1123775956092096
gemv	409	1123775955493440	568960	1123775956095040
gemv	410	1123775955493824	602368	1123775956102016
gemv	411	1123775955494272	590336	1123775956096832
gemv	412	1123775955494592	577920	1123775956097856
gemv	413	1123775955494848	588992	1123775956084608
gemv	414	1123775956503488	579712	1123775957103360
gemv	415	1123775956506240	575232	1123775957105088
gemv	416	1123775956506688	597312	1123775957108544
gemv	417	1123775956507008	595840	1123775957113088
gemv	434	1123775956507264	571392	1123775957105600
gemv	435	1123775956507520	575360	1123775957083456
gemv	436	1123775960246208	1969920	1123775962246720
gemv	437	1123775960250816	1934528	1123775962191232
gemv	438	1123775960251840	1950784	1123775962239808
gemv	439	1123775960252544	1978560	1123775962244544
gemv	440	1123775960253184	1937344	1123775962291904
gemv	441	1123775960254592	8343488	1123775968599424
gemv	448	1123775969623552	10359296	1123775979998336
gemv	449	1123775969626944	9755328	1123775979402816
gemv	450	1123775969627520	9379264	1123775979011520
gemv	451	1123775969627904	9718016	1123775979373696
gemv	452	1123775969628288	9736064	1123775979400128
gemv	453	1123775969628736	11756992	1123775981387776
gemv	240	1123775982199552	9438912	1123775991664448
gemv	241	1123775982206720	9405888	1123775991700608
gemv	466	1123775982207552	9476480	1123775991691392
gemv	467	1123775982208448	9422464	1123775991726080
gemv	468	1123775982209024	9371392	1123775991730304
gemv	469	1123775982209728	35995840	1123776018212672
gemv	394	1123776037423552	9226048	1123776046803968
gemv	395	1123776037427008	10447680	1123776048034496
gemv	396	1123776037427584	10453568	1123776047948608
gemv	397	1123776037428608	10616448	1123776048121856
gemv	398	1123776037429184	10461056	1123776048027648
gemv	399	1123776037429696	9399040	1123776046829696
gemv	424	1123776049792640	3981632	1123776053806336
gemv	425	1123776049795840	3870016	1123776053700608
gemv	426	1123776049796160	4018560	1123776053820544
gemv	427	1123776049796736	4047232	1123776053856576
gemv	428	1123776049797056	3991104	1123776053808192
gemv	429	1123776049797376	4002368	1123776053800640
gemv	430	1123776054263040	1172800	1123776055458432
gemv	431	1123776054265216	1015424	1123776055521984
gemv	432	1123776054266176	1191104	1123776055461952
gemv	433	1123776054266496	1144000	1123776055420864
gemv	482	1123776054266816	1172096	1123776055464000
gemv	483	1123776054267328	1185600	1123776055453440
gemv	498	1123776055913408	1184064	1123776057126336
gemv	499	1123776055915776	1202688	1123776057124544
gemv	500	1123776055916096	1174912	1123776057124992
gemv	501	1123776055916288	1205568	1123776057134336
gemv	502	1123776055916480	1188416	1123776057123840
gemv	503	1123776055920768	1160448	1123776057082112
gemv	504	1123776066257088	3757312	1123776070103104
gemv	505	1123776066259968	3617024	1123776069968704
gemv	506	1123776066260992	3784320	1123776070050688
gemv	507	1123776066262912	3776320	1123776070051968
gemv	508	1123776066263360	3755264	1123776070112192
gemv	509	1123776066263680	3791744	1123776070056448
gemv	268	1123776070850752	9540672	1123776080405568
gemv	269	1123776070853056	9545280	1123776080416320
gemv	270	1123776070853440	9478016	1123776080336512
gemv	271	1123776070853696	9571392	1123776080449088
gemv	272	1123776070853952	9571200	1123776080454720
gemv	273	1123776070854336	9618880	1123776080474048
gemv	352	1123776080916096	9321984	1123776090252544
gemv	353	1123776080919040	9610048	1123776090546688
gemv	530	1123776080919360	9667328	1123776090591744
gemv	531	1123776080919616	9318208	1123776090261440
gemv	532	1123776080919808	9666880	1123776090616384
gemv	533	1123776080920064	9221824	1123776090142720
gemv	534	1123776108933312	11118144	1123776120101248
gemv	535	1123776108937792	10624576	1123776119667904
gemv	536	1123776108938368	11610112	1123776120556352
gemv	537	1123776108939008	9237568	1123776118199296
gemv	538	1123776108939520	11103936	1123776120075712
gemv	539	1123776108940032	11123008	1123776120064384
gemv	476	1123776122062336	2106944	1123776124291840
gemv	477	1123776122065088	1968768	1123776124219520
gemv	478	1123776122065600	2168896	1123776124296128
gemv	479	1123776122066048	2019072	1123776124262272
gemv	480	1123776122066560	1948928	1123776124253248
gemv	481	1123776122067072	2152000	1123776124220160
gemv	496	1123776124707840	562496	1123776125298368
gemv	497	1123776124710080	583936	1123776125325760
gemv	562	1123776124710400	606016	1123776125321536
gemv	563	1123776124710592	597696	1123776125320256
gemv	564	1123776124710848	597184	1123776125326464
gemv	565	1123776124711104	545920	1123776125257472
gemv	526	1123776125715392	583296	1123776126318336
gemv	527	1123776125717760	572096	1123776126317376
gemv	528	1123776125718016	585600	1123776126308800
gemv	529	1123776125718336	573760	1123776126302656
gemv	594	1123776125718656	582592	1123776126323328
gemv	595	1123776125718912	579904	1123776126299648
gemv	566	1123776131828864	2076032	1123776133921984
gemv	567	1123776131832960	2064640	1123776133919616
gemv	568	1123776131833472	2090496	1123776133928448
gemv	569	1123776131833728	2007168	1123776133869888
gemv	570	1123776131834048	2075456	1123776133944896
gemv	571	1123776131834496	10098432	1123776141933952
gemv	584	1123776143099712	9521664	1123776152788160
gemv	585	1123776143102720	9522624	1123776152986688
gemv	586	1123776143103232	9723776	1123776152835968
gemv	587	1123776143103744	9410496	1123776152594048
gemv	588	1123776143104128	9323264	1123776152520896
gemv	589	1123776143104640	9639936	1123776152745664
gemv	596	1123776153562304	9524160	1123776163101120
gemv	597	1123776153564864	9540544	1123776163138624
gemv	598	1123776153565184	9373824	1123776162944576
gemv	599	1123776153565440	9613568	1123776163196800
gemv	600	1123776153565760	9654976	1123776163245056
gemv	601	1123776153566016	9536640	1123776163103552
gemv	510	1123776184795520	10092544	1123776194960192
gemv	511	1123776184799296	10065728	1123776194944576
gemv	512	1123776184799808	10454528	1123776195264256
gemv	513	1123776184800448	10107456	1123776195010496
gemv	642	1123776184800896	9978624	1123776194893696
gemv	643	1123776184801408	9229440	1123776194032384
gemv	644	1123776197149824	2056640	1123776199229888
gemv	645	1123776197152640	1995008	1123776199224384
gemv	646	1123776197153024	2066688	1123776199225472
gemv	647	1123776197153472	2072640	1123776199238848
gemv	648	1123776197153728	1995392	1123776199230528
gemv	649	1123776197154112	2051392	1123776199206336
gemv	556	1123776199651712	583424	1123776200256704
gemv	557	1123776199654144	577472	1123776200261184
gemv	558	1123776199654528	598720	1123776200258624
gemv	559	1123776199654784	592192	1123776200258944
gemv	560	1123776199655168	588224	1123776200267648
gemv	561	1123776199655424	586816	1123776200243072
gemv	674	1123776200679936	589760	1123776201283008
gemv	675	1123776200682176	582592	1123776201281792
gemv	676	1123776200682432	593792	1123776201281216
gemv	677	1123776200682752	575872	1123776201281408
gemv	678	1123776200682944	571392	1123776201281536
gemv	679	1123776200683200	578240	1123776201262016
gemv	680	1123776204360000	1859264	1123776206260224
gemv	681	1123776204362624	3268800	1123776207748032
gemv	682	1123776204363072	1858176	1123776206226368
gemv	683	1123776204363328	1934976	1123776206311872
gemv	684	1123776204363776	1848256	1123776206239936
gemv	685	1123776204364032	1936832	1123776206301824
gemv	664	1123776208665408	9149504	1123776217834944
gemv	665	1123776208667840	14747136	1123776223531648
gemv	666	1123776208668096	9157440	1123776217831296
gemv	667	1123776208668352	9564416	1123776218256128
gemv	668	1123776208668672	9590016	1123776218289408
gemv	669	1123776208668864	9199680	1123776217869248
gemv	622	1123776224615424	9909120	1123776234608448
gemv	623	1123776224636032	10004160	1123776234882176
gemv	624	1123776224636608	10119360	1123776234807872
gemv	625	1123776224637184	28224576	1123776253046848
gemv	706	1123776224637632	9993664	1123776234928448
gemv	707	1123776224638080	10127424	1123776234767104
gemv	700	1123776272850240	10883008	1123776283756224
gemv	701	1123776272854016	10543808	1123776283500672
gemv	702	1123776272854848	10606464	1123776283470528
gemv	703	1123776272855360	10043072	1123776282927104
gemv	704	1123776272855808	10316032	1123776283375616
gemv	705	1123776272856384	10646912	1123776283507136
gemv	634	1123776285562880	2191552	1123776287775360
gemv	635	1123776285565440	2210240	1123776287825792
gemv	636	1123776285565760	2217024	1123776287788928
gemv	637	1123776285566016	2231808	1123776287829888
gemv	638	1123776285566400	3674112	1123776289368000
gemv	639	1123776285566720	2259200	1123776287827008
gemv	670	1123776289997952	458560	1123776291020736
gemv	671	1123776290006144	457792	1123776291022848
gemv	672	1123776290006464	567168	1123776290577984
gemv	673	1123776290006656	566016	1123776290584768
gemv	754	1123776290007040	539456	1123776290564544
gemv	755	1123776290007488	552896	1123776290561344
gemv	724	1123776291666112	586240	1123776292269184
gemv	725	1123776291668544	1023040	1123776292777024
gemv	726	1123776291668864	580032	1123776292254208
gemv	727	1123776291669056	558336	1123776292251136
gemv	728	1123776291669824	491392	1123776292505152
gemv	729	1123776291670208	582400	1123776292253760
gemv	730	1123776296071808	2307968	1123776299632256
gemv	731	1123776296076352	1884544	1123776299861568
gemv	732	1123776296076992	1961408	1123776298043648
gemv	733	1123776296077440	1886976	1123776297976320
gemv	734	1123776296077824	2504192	1123776298625216
gemv	735	1123776296078400	2232000	1123776298311744
gemv	774	1123776300789376	9775040	1123776310580672
gemv	775	1123776300791744	9338432	1123776310152000
gemv	776	1123776300792064	9674176	1123776310471936
gemv	777	1123776300792320	9319616	1123776310139968
gemv	778	1123776300793152	9646144	1123776310725312
gemv	779	1123776300793472	9298880	1123776310092800
gemv	742	1123776311213312	10652864	1123776321952768
gemv	743	1123776311215488	9227072	1123776320535552
gemv	744	1123776311216000	9286592	1123776320507584
gemv	745	1123776311216512	9445120	1123776320672896
gemv	746	1123776311216832	9311168	1123776320547456
gemv	747	1123776311217088	9714816	1123776320932736
gemv	780	1123776339639936	9133888	1123776348798400
gemv	781	1123776339643264	11069696	1123776350927296
gemv	782	1123776339644352	11251392	1123776350904256
gemv	783	1123776339644800	10320064	1123776350045952
gemv	784	1123776339645248	9268800	1123776349064704
gemv	785	1123776339645760	10922816	1123776350569600
gemv	720	1123776352608896	2056320	1123776354687296
gemv	721	1123776352611520	2095232	1123776354739584
gemv	802	1123776352611840	2056960	1123776354674048
gemv	803	1123776352612288	2103168	1123776354727744
gemv	804	1123776352612480	2085248	1123776354723584
gemv	805	1123776352612800	2085184	1123776354698880
gemv	818	1123776355150592	563136	1123776355727744
gemv	819	1123776355153088	540096	1123776355711488
gemv	820	1123776355153472	558976	1123776355717248
gemv	821	1123776355153792	513600	1123776355742400
gemv	822	1123776355154048	500608	1123776355733696
gemv	823	1123776355154432	538688	1123776355694016
gemv	834	1123776356126528	561408	1123776356709632
gemv	835	1123776356128576	578048	1123776356732992
gemv	836	1123776356128832	574336	1123776356709376
gemv	837	1123776356129024	569728	1123776356710144
gemv	838	1123776356129280	530624	1123776356740096
gemv	839	1123776356129536	581312	1123776356711424
gemv	824	1123776362303616	2077248	1123776364476032
gemv	825	1123776362311744	2127040	1123776364444480
gemv	826	1123776362312704	2006464	1123776364466496
gemv	827	1123776362313472	2052992	1123776364434048
gemv	828	1123776362314176	1980544	1123776364370944
gemv	829	1123776362315136	8369216	1123776370686528
gemv	840	1123776371642624	9675712	1123776381334528
gemv	841	1123776371645120	9735040	1123776381401664
gemv	842	1123776371645568	9622400	1123776381273152
gemv	843	1123776371645952	10111424	1123776381785920
gemv	844	1123776371646272	11773952	1123776383458816
gemv	845	1123776371646592	9699520	1123776381347008
gemv	806	1123776384194944	9907968	1123776394192704
gemv	807	1123776384197440	9567488	1123776393931776
gemv	808	1123776384197952	9318976	1123776393521728
gemv	809	1123776384198272	9613888	1123776393878656
gemv	810	1123776384198656	9721984	1123776393993920
gemv	811	1123776384198912	9312704	1123776393512512
gemv	888	1123776402761536	9165440	1123776411998464
gemv	889	1123776402764800	9292864	1123776412133952
gemv	890	1123776402765696	11524736	1123776414299392
gemv	891	1123776402766656	9867648	1123776412784960
gemv	892	1123776402767104	15372672	1123776418305472
gemv	893	1123776402767616	9155520	1123776411924736
gemv	846	1123776419584576	2073728	1123776421680128
gemv	847	1123776419587008	2135872	1123776421749376
gemv	848	1123776419587456	2139840	1123776421732864
gemv	849	1123776419587776	2065088	1123776421665088
gemv	898	1123776419588096	2112000	1123776421732608
gemv	899	1123776419588608	2120256	1123776421709760
gemv	874	1123776422151616	566144	1123776422733696
gemv	875	1123776422154176	546880	1123776422732928
gemv	876	1123776422154560	579904	1123776422739456
gemv	877	1123776422154880	545728	1123776422720448
gemv	878	1123776422155136	563008	1123776422743296
gemv	879	1123776422155520	550208	1123776422706688
gemv	812	1123776423150656	558144	1123776423722944
gemv	813	1123776423153216	508352	1123776423742208
gemv	814	1123776423153536	584960	1123776423742976
gemv	815	1123776423153792	569984	1123776423741312
gemv	816	1123776423154048	518656	1123776423748736
gemv	817	1123776423154368	549376	1123776423704704
gemv	930	1123776426793344	1953280	1123776428763264
gemv	931	1123776426795648	1951808	1123776428780672
gemv	932	1123776426796096	1883456	1123776428684800
gemv	933	1123776426796352	1945536	1123776428761344
gemv	934	1123776426796736	1948480	1123776428772160
gemv	935	1123776426796992	1886848	1123776428684416
gemv	936	1123776429485504	9659968	1123776439171584
gemv	937	1123776429487680	9635264	1123776439152384
gemv	938	1123776429488000	9277248	1123776438771008
gemv	939	1123776429488448	9686656	1123776439186560
gemv	940	1123776429488960	9565824	1123776439071808
gemv	941	1123776429489600	9316032	1123776438806144
gemv	860	1123776439823296	9454208	1123776449298880
gemv	861	1123776439825856	9310592	1123776449174912
gemv	862	1123776439826240	9836544	1123776449667840
gemv	863	1123776439826624	9699584	1123776449537280
gemv	864	1123776439826816	9728384	1123776449581504
gemv	865	1123776439827072	9280576	1123776449108480
gemv	962	1123776463492736	10547136	1123776474170816
gemv	963	1123776463496256	9327232	1123776472962176
gemv	964	1123776463496896	10683072	1123776474237824
gemv	965	1123776463497344	10393408	1123776474089664
gemv	966	1123776463498496	10490816	1123776474262464
gemv	967	1123776463498944	10057024	1123776473556992
gemv	968	1123776475684544	4054720	1123776479754688
gemv	969	1123776475686976	4039296	1123776479747072
gemv	970	1123776475687424	3950656	1123776479643008
gemv	971	1123776475687808	3929536	1123776479644864
gemv	972	1123776475688256	3970368	1123776479690496
gemv	973	1123776475688640	4059520	1123776479749056
gemv	922	1123776480203840	1112896	1123776481345664
gemv	923	1123776480206272	1124928	1123776481363136
gemv	924	1123776480206656	1117504	1123776481329856
gemv	925	1123776480207040	1685696	1123776481905280
gemv	926	1123776480207360	1135232	1123776481361280
gemv	927	1123776480207616	1107392	1123776481315776
gemv	912	1123776482313600	1121792	1123776483461440
gemv	913	1123776482315840	1090240	1123776483437184
gemv	1010	1123776482316160	1113537	1123776483434689
gemv	1011	1123776482316480	1106688	1123776483433984
gemv	1012	1123776482316736	1098112	1123776483431424
gemv	1013	1123776482316928	1135104	1123776483452928
gemv	974	1123776492609088	3781952	1123776496419840
gemv	975	1123776492611520	3744256	1123776496447488
gemv	976	1123776492611840	3808128	1123776496426304
gemv	977	1123776492612160	3765888	1123776496393152
gemv	1026	1123776492612480	3657984	1123776496306816
gemv	1027	1123776492613376	3769600	1123776496383552
gemv	1028	1123776497165312	9539008	1123776506719936
gemv	1029	1123776497167424	9544960	1123776506742272
gemv	1030	1123776497167808	9145920	1123776506319040
gemv	1031	1123776497168192	9512704	1123776506702144
gemv	1032	1123776497168448	9361472	1123776506612736
gemv	1033	1123776497168704	9506432	1123776506675584
gemv	996	1123776507142976	9518592	1123776516688448
gemv	997	1123776507146048	9498624	1123776516791488
gemv	998	1123776507146560	9165696	1123776516319488
gemv	999	1123776507146944	9541696	1123776516703616
gemv	1000	1123776507147648	9140416	1123776516373120
gemv	1001	1123776507148096	9157632	1123776516306560
gemv	1044	1123776532090048	10311552	1123776542444992
gemv	1045	1123776532094336	10400256	1123776542607296
gemv	1046	1123776532094976	9267328	1123776541371392
gemv	1047	1123776532095488	10293760	1123776542410048
gemv	1048	1123776532096000	9557376	1123776541825920
gemv	1049	1123776532096704	10366592	1123776542464512
gemv	1040	1123776544013504	2006720	1123776546116096
gemv	1041	1123776544015552	2032128	1123776546053696
gemv	1074	1123776544015936	2000256	1123776546101824
gemv	1075	1123776544016320	2047616	1123776546076864
gemv	1076	1123776544020544	1926400	1123776546043392
gemv	1077	1123776544020928	2005248	1123776546026944
gemv	1078	1123776546520832	554176	1123776547100928
gemv	1079	1123776546523008	570048	1123776547122176
gemv	1080	1123776546523392	567104	1123776547096064
gemv	1081	1123776546523648	567552	1123776547102400
gemv	1082	1123776546523968	559104	1123776547099648
gemv	1083	1123776546524160	554944	1123776547079680
gemv	1064	1123776547508224	613440	1123776548141056
gemv	1065	1123776547510656	609216	1123776548142528
gemv	1066	1123776547511040	625728	1123776548142144
gemv	1067	1123776547511360	621249	1123776548143361
gemv	1068	1123776547511616	625344	1123776548163712
gemv	1069	1123776547511872	611136	1123776548123776
gemv	1070	1123776551057984	1850688	1123776552925312
gemv	1071	1123776551060288	1923200	1123776553055040
gemv	1072	1123776551060672	1940608	1123776553007808
gemv	1073	1123776551061056	1886784	1123776553024640
gemv	1106	1123776551061248	1921344	1123776553064832
gemv	1107	1123776551061568	1847808	1123776552909888
gemv	1108	1123776554101312	9610944	1123776563741888
gemv	1109	1123776554105472	10086912	1123776564222720
gemv	1110	1123776554105984	9665984	1123776563777216
gemv	1111	1123776554106688	9277184	1123776563395392
gemv	1112	1123776554107072	9382464	1123776563506624
gemv	1113	1123776554107584	11008448	1123776565117248
gemv	1050	1123776565890112	9515712	1123776575428224
gemv	1051	1123776565893952	9459136	1123776575386496
gemv	1052	1123776565894528	9069440	1123776574968192
gemv	1053	1123776565895040	9482176	1123776575388928
gemv	1054	1123776565895488	9620160	1123776575541568
gemv	1055	1123776565895808	36870272	1123776602770752
gemv	1102	1123776620687488	10763712	1123776631472576
gemv	1103	1123776620690560	10224896	1123776630942976
gemv	1104	1123776620691968	9985024	1123776630683648
gemv	1105	1123776620692416	10931008	1123776631661632
gemv	1138	1123776620692736	31847040	1123776652687168
gemv	1139	1123776620693056	10709888	1123776631403904
gemv	1084	1123776654473856	2266432	1123776656759616
gemv	1085	1123776654476096	2254272	1123776656767616
gemv	1086	1123776654476608	2295296	1123776656778240
gemv	1087	1123776654477184	2208384	1123776656711360
gemv	1088	1123776654477440	6748096	1123776661352704
gemv	1089	1123776654478016	2198016	1123776656676864
gemv	1154	1123776662201152	683712	1123776662902528
gemv	1155	1123776662205824	676288	1123776662902208
gemv	1156	1123776662206592	703104	1123776662914304
gemv	1157	1123776662206976	651520	1123776662942144
gemv	1158	1123776662207424	648512	1123776662943872
gemv	1159	1123776662207872	3087872	1123776665297088
gemv	1166	1123776665897280	671488	1123776666583488
gemv	1167	1123776665900672	687232	1123776666607232
gemv	1168	1123776665901120	679680	1123776666585408
gemv	1169	1123776665901568	672512	1123776666602240
gemv	1170	1123776665901952	669248	1123776666604736
gemv	1171	1123776665902400	2145600	1123776668048832
gemv	1002	1123776672404096	1987392	1123776674411328
gemv	1003	1123776672406528	1958464	1123776674388928
gemv	1004	1123776672406848	1973120	1123776674385216
gemv	1005	1123776672407168	1894400	1123776674312128
gemv	1006	1123776672407424	1885568	1123776674326144
gemv	1007	1123776672407680	1894080	1123776674302592
gemv	1008	1123776675112832	9517120	1123776684709184
gemv	1009	1123776675114624	9391936	1123776684590336
gemv	1202	1123776675114944	9509696	1123776684681728
gemv	1203	1123776675115200	9145344	1123776684323264
gemv	1204	1123776675115456	9150144	1123776684335168
gemv	1205	1123776675115776	9410496	1123776684526848
gemv	1178	1123776685115456	9113088	1123776694246592
gemv	1179	1123776685117696	9451392	1123776694640320
gemv	1180	1123776685117952	9116160	1123776694240192
gemv	1181	1123776685118208	9087104	1123776694282944
gemv	1182	1123776685118464	9496512	1123776694698560
gemv	1183	1123776685118720	9111744	1123776694231104
gemv	1184	1123776711663040	10431552	1123776722232256
gemv	1185	1123776711666752	40283072	1123776752353664
gemv	1218	1123776711667328	11089472	1123776722821376
gemv	1219	1123776711667840	14150848	1123776726021184
gemv	1220	1123776711668288	12166592	1123776724118016
gemv	1221	1123776711668736	11946048	1123776723615872
gemv	1206	1123776754535744	2139776	1123776756804992
gemv	1207	1123776754541632	2178432	1123776756918784
gemv	1208	1123776754542208	2234304	1123776756785088
gemv	1209	1123776754542592	2175936	1123776756783616
gemv	1210	1123776754543104	2171328	1123776756785728
gemv	1211	1123776754543552	2226176	1123776756771328
gemv	1244	1123776757535232	568896	1123776758118592
gemv	1245	1123776757537344	561664	1123776758118272
gemv	1246	1123776757537728	581760	1123776758124480
gemv	1247	1123776757537984	558400	1123776758121600
gemv	1248	1123776757538304	490688	1123776758502720
gemv	1249	1123776757538688	560768	1123776758100096
gemv	1212	1123776758902016	635456	1123776759551360
gemv	1213	1123776758904256	606784	1123776759528256
gemv	1214	1123776758904512	661888	1123776759572032
gemv	1215	1123776758904896	598784	1123776759526016
gemv	1216	1123776758905088	618625	1123776759552065
gemv	1217	1123776758905408	617472	1123776759523392
gemv	1282	1123776762564608	1897216	1123776764475008
gemv	1283	1123776762566976	1883520	1123776764467712
gemv	1284	1123776762567296	1977792	1123776764549952
gemv	1285	1123776762567616	1954496	1123776764546368
gemv	1286	1123776762567936	1908864	1123776764507008
gemv	1287	1123776762568320	2013504	1123776764582720
gemv	1192	1123776765299776	9553344	1123776774866048
gemv	1193	1123776765302016	9188608	1123776774513728
gemv	1194	1123776765302336	9566912	1123776774874112
gemv	1195	1123776765302720	9202176	1123776774520896
gemv	1196	1123776765302912	9487936	1123776774819776
gemv	1197	1123776765303104	9228352	1123776774532288
gemv	1272	1123776775338624	10083136	1123776785460032
gemv	1273	1123776775341440	9239424	1123776784673664
gemv	1274	1123776775341824	9161344	1123776784508352
gemv	1275	1123776775342016	9150400	1123776784504576
gemv	1276	1123776775342272	9492544	1123776784860352
gemv	1277	1123776775342592	9175040	1123776784518272
gemv	1222	1123776803338112	10850944	1123776814308160
gemv	1223	1123776803340416	10855936	1123776814323840
gemv	1224	1123776803340928	11146560	1123776814493504
gemv	1225	1123776803341184	9579072	1123776812934592
gemv	1226	1123776803341504	19596480	1123776823046272
gemv	1227	1123776803341760	11120576	1123776814466240
gemv	1294	1123776824673024	2053696	1123776826742336
gemv	1295	1123776824677376	2094400	1123776826796160
gemv	1296	1123776824677952	2130176	1123776826812736
gemv	1297	1123776824678464	2118784	1123776826814336
gemv	1314	1123776824678912	2029696	1123776826740160
gemv	1315	1123776824679296	4116032	1123776828796672
gemv	1330	1123776829637760	570624	1123776830230720
gemv	1331	1123776829642240	562688	1123776830229248
gemv	1332	1123776829642752	568768	1123776830215872
gemv	1333	1123776829643200	558464	1123776830211584
gemv	1334	1123776829643712	541056	1123776830212736
gemv	1335	1123776829644160	2134016	1123776831779520
gemv	1342	1123776832384640	558720	1123776832963648
gemv	1343	1123776832388224	570176	1123776832980352
gemv	1344	1123776832388608	555200	1123776832948288
gemv	1345	1123776832389120	553600	1123776832952640
gemv	1346	1123776832390080	532992	1123776832947264
gemv	1347	1123776832390848	2125312	1123776834516864
gemv	1198	1123776837857728	1909824	1123776839783232
gemv	1199	1123776837860224	1855424	1123776839798080
gemv	1200	1123776837860480	1873600	1123776839740160
gemv	1201	1123776837860736	1844480	1123776839726272
gemv	1362	1123776837860992	3761536	1123776841699712
gemv	1363	1123776837861184	1962688	1123776839824768
gemv	1302	1123776842714624	9623744	1123776852353216
gemv	1303	1123776842717696	9214848	1123776851950464
gemv	1304	1123776842718016	9231040	1123776851954304
gemv	1305	1123776842718272	13158720	1123776855904192
gemv	1306	1123776842718656	12192832	1123776857198976
gemv	1307	1123776842718912	9401792	1123776852121536
gemv	1354	1123776857753856	9590784	1123776867367232
gemv	1355	1123776857756352	9158592	1123776866941056
gemv	1356	1123776857756608	9177280	1123776866939712
gemv	1357	1123776857756864	9162624	1123776866931072
gemv	1358	1123776857757248	9177920	1123776866965696
gemv	1359	1123776857757568	9387968	1123776867146368
gemv	1322	1123776879214272	10696000	1123776889930176
gemv	1323	1123776879217600	9156032	1123776888473088
gemv	1324	1123776879217856	9506176	1123776888730688
gemv	1325	1123776879218240	10792512	1123776890036160
gemv	1326	1123776879218624	10293760	1123776889596928
gemv	1327	1123776879218816	9134720	1123776888354496
gemv	1396	1123776891500736	2044352	1123776893575552
gemv	1397	1123776891503552	2017152	1123776893561472
gemv	1398	1123776891504128	2042112	1123776893552448
gemv	1399	1123776891504448	2032832	1123776893551936
gemv	1400	1123776891504832	2082176	1123776893620224
gemv	1401	1123776891505152	2087808	1123776893593792
gemv	1308	1123776894070912	531648	1123776894616640
gemv	1309	1123776894073536	487296	1123776894633792
gemv	1310	1123776894073792	535616	1123776894614208
gemv	1311	1123776894074112	525632	1123776894617856
gemv	1312	1123776894074368	488576	1123776894689600
gemv	1313	1123776894074752	522240	1123776894598528
gemv	1402	1123776895324096	551424	1123776895891264
gemv	1403	1123776895326464	526528	1123776895872640
gemv	1404	1123776895326720	542080	1123776895874368
gemv	1405	1123776895327104	489152	1123776895894464
gemv	1406	1123776895327360	490304	1123776895902400
gemv	1407	1123776895327680	522880	1123776895851328
gemv	1408	1123776898843392	1902336	1123776900768064
gemv	1409	1123776898845760	1899392	1123776900770880
gemv	1426	1123776898846208	1855616	1123776900706752
gemv	1427	1123776898846656	1918080	1123776900776256
gemv	1428	1123776898846912	1912384	1123776900789696
gemv	1429	1123776898847232	1842816	1123776900690624
gemv	1430	1123776901567232	9786240	1123776911380992
gemv	1431	1123776901569536	9478144	1123776911078272
gemv	1432	1123776901569792	9462912	1123776911039168
gemv	1433	1123776901570112	9076224	1123776910658112
gemv	1434	1123776901570368	9118080	1123776910706432
gemv	1435	1123776901570752	9138048	1123776910709248
gemv	1328	1123776911794304	9477824	1123776921292736
gemv	1329	1123776911796608	9452544	1123776921273344
gemv	1458	1123776911796992	9070080	1123776920872512
gemv	1459	1123776911797312	9065984	1123776920874432
gemv	1460	1123776911797632	9622784	1123776921449792
gemv	1461	1123776911797824	9046720	1123776920845248
gemv	1462	1123776928179712	9304576	1123776937501376
gemv	1463	1123776928182912	9661696	1123776937899520
gemv	1464	1123776928183680	13550912	1123776941741184
gemv	1465	1123776928183936	13662656	1123776941888448
gemv	1466	1123776928184256	12341952	1123776940570432
gemv	1467	1123776928184576	9281984	1123776937468096
gemv	1422	1123776943616960	4167680	1123776947855680
gemv	1423	1123776943621568	3979968	1123776947675136
gemv	1424	1123776943621888	5999296	1123776949678400
gemv	1425	1123776943622400	4033856	1123776947741120
gemv	1490	1123776943622784	9750528	1123776953541184
gemv	1491	1123776943623424	6201664	1123776949825920
gemv	1436	1123776954028032	1147712	1123776955199872
gemv	1437	1123776954031424	1973824	1123776956034304
gemv	1438	1123776954031936	1280064	1123776955320192
gemv	1439	1123776954032192	1151296	1123776955196928
gemv	1440	1123776954032512	2013248	1123776956094016
gemv	1441	1123776954032832	1162240	1123776955196032
gemv	1492	1123776956621888	1120832	1123776957765504
gemv	1493	1123776956624576	1139008	1123776957790272
gemv	1494	1123776956625088	1979136	1123776958611584
gemv	1495	1123776956625600	1133312	1123776957772224
gemv	1496	1123776956625984	1417344	1123776958073408
gemv	1497	1123776956626496	1969536	1123776958597120
gemv	1376	1123776963950464	7035584	1123776971006208
gemv	1377	1123776963954304	7087744	1123776971068160
gemv	1522	1123776963955200	7063296	1123776971027456
gemv	1523	1123776963955584	3673664	1123776967660032
gemv	1524	1123776963955968	3715392	1123776967707520
gemv	1525	1123776963956352	7029440	1123776970987072
gemv	1526	1123776971990016	11328448	1123776983350976
gemv	1527	1123776971992576	9457088	1123776981490688
gemv	1528	1123776971993024	12467520	1123776984475584
gemv	1529	1123776971993472	11422720	1123776983436736
gemv	1530	1123776971993920	9370112	1123776981398208
gemv	1531	1123776971994304	12322432	1123776984317696
gemv	1540	1123776984961216	9583360	1123776994552768
gemv	1541	1123776984963776	9470976	1123776994446720
gemv	1542	1123776984967872	9303616	1123776994286720
gemv	1543	1123776984980096	9354816	1123776994344192
gemv	1544	1123776984980544	9641792	1123776994639360
gemv	1545	1123776984980928	9670464	1123776994652224
gemv	1498	1123777004036672	12201984	1123777016325888
gemv	1499	1123777004039360	9278400	1123777013410688
gemv	1500	1123777004039744	9261184	1123777013376512
gemv	1501	1123777004040000	9266048	1123777013407104
gemv	1502	1123777004040192	11548096	1123777015752640
gemv	1503	1123777004040640	9268736	1123777013310464
gemv	1504	1123777017917632	2061184	1123777019993088
gemv	1505	1123777017920256	2114368	1123777020061248
gemv	1570	1123777017920640	2145472	1123777020071552
gemv	1571	1123777017921088	2116160	1123777020055488
gemv	1572	1123777017921472	2040320	1123777019992768
gemv	1573	1123777017921792	2130752	1123777020053440
gemv	1456	1123777020505536	562176	1123777021081664
gemv	1457	1123777020507904	583488	1123777021108992
gemv	1586	1123777020508224	590657	1123777021104065
gemv	1587	1123777020508864	569024	1123777021100736
gemv	1588	1123777020509184	566592	1123777021103424
gemv	1589	1123777020509504	553536	1123777021063744
gemv	1478	1123777021517568	587904	1123777022131008
gemv	1479	1123777021519936	585088	1123777022132608
gemv	1480	1123777021520320	613568	1123777022138688
gemv	1481	1123777021520576	589696	1123777022120640
gemv	1482	1123777021520832	596928	1123777022133952
gemv	1483	1123777021521152	575808	1123777022097792
gemv	1484	1123777025205888	1897728	1123777027125376
gemv	1485	1123777025208192	1945728	1123777027237184
gemv	1486	1123777025208448	1916672	1123777027130816
gemv	1487	1123777025208832	1939008	1123777027160704
gemv	1488	1123777025209152	2218752	1123777027452928
gemv	1489	1123777025209408	1878592	1123777027088704
gemv	1566	1123777028263552	9922624	1123777038199680
gemv	1567	1123777028266048	9687680	1123777037978240
gemv	1568	1123777028266432	12522112	1123777040793408
gemv	1569	1123777028266752	9258880	1123777037542976
gemv	1634	1123777028267008	11279936	1123777039577152
gemv	1635	1123777028267200	9395328	1123777037663360
gemv	1590	1123777041494080	9589184	1123777051098816
gemv	1591	1123777041496320	9349760	1123777050875072
gemv	1592	1123777041496640	9574528	1123777051076672
gemv	1593	1123777041496896	9740544	1123777051258240
gemv	1594	1123777041497088	9771776	1123777051355392
gemv	1595	1123777041497280	9355072	1123777050852992
gemv	1606	1123777061752192	9272768	1123777071043136
gemv	1607	1123777061755456	10725184	1123777072516288
gemv	1608	1123777061755712	9190336	1123777070952128
gemv	1609	1123777061756096	9464192	1123777071244544
gemv	1610	1123777061756416	10299200	1123777072155712
gemv	1611	1123777061756608	10685952	1123777072443264
gemv	1596	1123777073919552	2043776	1123777075978048
gemv	1597	1123777073922048	3645376	1123777077685952
gemv	1598	1123777073922432	2112000	1123777076040256
gemv	1599	1123777073922688	2084288	1123777076028288
gemv	1600	1123777073922944	2017792	1123777075968960
gemv	1601	1123777073923264	2027264	1123777075951424
gemv	1666	1123777078219008	556992	1123777078796672
gemv	1667	1123777078221440	1220800	1123777079551616
gemv	1668	1123777078222208	591552	1123777078818624
gemv	1669	1123777078222592	567424	1123777078800128
gemv	1670	1123777078222912	565440	1123777078817344
gemv	1671	1123777078223232	556288	1123777078780288
gemv	1636	1123777079972544	598144	1123777080596224
gemv	1637	1123777079975168	565440	1123777080575168
gemv	1638	1123777079975552	591744	1123777080572544
gemv	1639	1123777079975744	586304	1123777080572928
gemv	1640	1123777079975936	600320	1123777080592640
gemv	1641	1123777079976192	581504	1123777080559168
gemv	1642	1123777083458688	1868608	1123777085341184
gemv	1643	1123777083461376	1942080	1123777085431872
gemv	1644	1123777083461824	1885120	1123777085352000
gemv	1645	1123777083462080	1882368	1123777085360576
gemv	1646	1123777083462336	1934208	1123777085418304
gemv	1647	1123777083462528	1865344	1123777085328576
gemv	1648	1123777086127808	9086272	1123777095229184
gemv	1649	1123777086129920	9460032	1123777095609664
gemv	1714	1123777086130560	9108160	1123777095244736
gemv	1715	1123777086130944	9096512	1123777095253120
gemv	1716	1123777086131200	9469696	1123777095633216
gemv	1717	1123777086131456	9387328	1123777095519296
gemv	1672	1123777096050816	9510592	1123777105589120
gemv	1673	1123777096052928	9471872	1123777105555584
gemv	1674	1123777096053248	9107712	1123777105166400
gemv	1675	1123777096053632	9111552	1123777105176640
gemv	1676	1123777096053952	9172800	1123777105245248
gemv	1677	1123777096054144	9089728	1123777105144448
gemv	1678	1123777122049536	9084096	1123777131285760
gemv	1679	1123777122052160	10376768	1123777132644928
gemv	1680	1123777122052544	9336320	1123777131457536
gemv	1681	1123777122052864	9230528	1123777131421248
gemv	1730	1123777122053248	10599040	1123777132810688
gemv	1731	1123777122053568	10336960	1123777132391552
gemv	1718	1123777134463872	2047616	1123777136527552
gemv	1719	1123777134466240	5744960	1123777140324672
gemv	1720	1123777134466688	2040256	1123777136511488
gemv	1721	1123777134467008	2090944	1123777136579072
gemv	1722	1123777134467264	2085376	1123777136586496
gemv	1723	1123777134467648	2096704	1123777136565120
gemv	1688	1123777141356928	536064	1123777142038912
gemv	1689	1123777141363968	654784	1123777142024064
gemv	1690	1123777141364864	500544	1123777142066176
gemv	1691	1123777141365568	595200	1123777142037440
gemv	1692	1123777141366272	485888	1123777142105984
gemv	1693	1123777141367040	1227520	1123777142596544
gemv	1724	1123777143308352	583232	1123777143982720
gemv	1725	1123777143314240	511232	1123777144097472
gemv	1726	1123777143315200	796800	1123777144137344
gemv	1727	1123777143315840	529408	1123777143994240
gemv	1728	1123777143316480	514816	1123777144035968
gemv	1729	1123777143317312	690240	1123777144009408
gemv	1732	1123777147843520	2281280	1123777150151168
gemv	1733	1123777147846272	1958080	1123777149842816
gemv	1734	1123777147846592	1927360	1123777149778944
gemv	1735	1123777147846848	2436928	1123777150314112
gemv	1736	1123777147847104	1892608	1123777149781952
gemv	1737	1123777147847360	1948672	1123777149796800
gemv	1794	1123777151442048	9349440	1123777160822528
gemv	1795	1123777151446144	9235840	1123777160748992
gemv	1796	1123777151446656	9388288	1123777160839744
gemv	1797	1123777151447040	9437888	1123777160895872
gemv	1798	1123777151447424	9235584	1123777160701312
gemv	1799	1123777151447744	17716288	1123777169170944
gemv	1784	1123777169765376	9776192	1123777179566272
gemv	1785	1123777169767808	9274816	1123777179076992
gemv	1786	1123777169768128	9696640	1123777179470336
gemv	1787	1123777169768576	9425728	1123777179208256
gemv	1788	1123777169768896	12427968	1123777182324416
gemv	1789	1123777169769344	9278720	1123777179049024
gemv	1738	1123777192902976	19057600	1123777211979584
gemv	1739	1123777192906496	10479552	1123777203411008
gemv	1740	1123777192906880	17843328	1123777210755328
gemv	1741	1123777192907200	9181184	1123777202121152
gemv	1742	1123777192907456	10416576	1123777203363456
gemv	1743	1123777192907648	10486400	1123777203398016
gemv	1630	1123777213724736	2131968	1123777215880128
gemv	1631	1123777213728320	2119616	1123777215881152
gemv	1632	1123777213728768	2099264	1123777215833472
gemv	1633	1123777213729152	2080512	1123777215820480
gemv	1826	1123777213729600	2135040	1123777215889856
gemv	1827	1123777213730048	8276352	1123777222007552
gemv	1842	1123777222595072	561792	1123777223185088
gemv	1843	1123777222597952	552448	1123777223185984
gemv	1844	1123777222598336	577792	1123777223181888
gemv	1845	1123777222598784	586176	1123777223203200
gemv	1846	1123777222599104	885632	1123777223597248
gemv	1847	1123777222599616	584960	1123777223185408
gemv	1848	1123777224332992	508864	1123777224954368
gemv	1849	1123777224335680	851648	1123777225373504
gemv	1850	1123777224336064	572160	1123777224913600
gemv	1851	1123777224336768	573376	1123777224920960
gemv	1852	1123777224337088	515648	1123777224953280
gemv	1853	1123777224337408	578944	1123777224917248
gemv	1812	1123777228571456	1968384	1123777230555520
gemv	1813	1123777228575232	1954816	1123777230561088
gemv	1814	1123777228575680	1916416	1123777230496768
gemv	1815	1123777228576128	1900480	1123777230493184
gemv	1816	1123777228576448	1894208	1123777230494208
gemv	1817	1123777228576832	4775552	1123777233353408
gemv	1764	1123777234191808	9421952	1123777243643520
gemv	1765	1123777234194560	9578048	1123777243809728
gemv	1766	1123777234194880	12124544	1123777246325056
gemv	1767	1123777234195200	9444608	1123777243652032
gemv	1768	1123777234195520	9394624	1123777243609152
gemv	1769	1123777234195776	13713408	1123777247910016
gemv	1776	1123777248513664	9371584	1123777257909696
gemv	1777	1123777248516160	13149760	1123777261696512
gemv	1874	1123777248516864	9386752	1123777257908608
gemv	1875	1123777248517184	9422848	1123777257953408
gemv	1876	1123777248517632	12553024	1123777263564672
gemv	1877	1123777248517952	9322048	1123777257840704
gemv	1744	1123777271327232	10405184	1123777281837952
gemv	1745	1123777271331328	9111616	1123777280551168
gemv	1906	1123777271332480	15681152	1123777287054528
gemv	1907	1123777271333184	9200064	1123777280648448
gemv	1908	1123777271334080	10284544	1123777281741120
gemv	1909	1123777271334656	15036928	1123777286373696
gemv	1854	1123777288435904	2178944	1123777290643840
gemv	1855	1123777288438528	2737280	1123777291211200
gemv	1856	1123777288439040	2144256	1123777290588544
gemv	1857	1123777288439424	2672896	1123777291123136
gemv	1938	1123777288439744	2169280	1123777290627392
gemv	1939	1123777288440000	2132160	1123777290573056
gemv	1940	1123777291888576	492672	1123777292467648
gemv	1941	1123777291891008	491776	1123777292471488
gemv	1942	1123777291891392	576640	1123777292473792
gemv	1943	1123777291891712	566464	1123777292470400
gemv	1944	1123777291892096	569920	1123777292481536
gemv	1945	1123777291892416	562048	1123777292455424
gemv	1862	1123777292902272	610240	1123777293527104
gemv	1863	1123777292904640	589120	1123777293523968
gemv	1864	1123777292905024	601472	1123777293512192
gemv	1865	1123777292905280	596672	1123777293519936
gemv	1866	1123777292905600	570944	1123777293500480
gemv	1867	1123777292905856	601024	1123777293507648
gemv	1868	1123777296548032	1885824	1123777298448000
gemv	1869	1123777296550528	1972032	1123777298551360
gemv	1870	1123777296550912	1891200	1123777298447296
gemv	1871	1123777296551232	1975232	1123777298543424
gemv	1872	1123777296551616	1962048	1123777298536064
gemv	1873	1123777296551936	1956480	1123777298509312
gemv	1946	1123777299296512	12678656	1123777311991360
gemv	1947	1123777299298752	9449920	1123777308778240
gemv	1948	1123777299299008	9385344	1123777308690048
gemv	1949	1123777299299328	20721536	1123777320040640
gemv	1950	1123777299299648	9412800	1123777308736000
gemv	1951	1123777299299904	13222656	1123777312539584
gemv	1954	1123777320727424	20651136	1123777344153792
gemv	1955	1123777320730368	17221056	1123777343251776
gemv	1956	1123777320730752	9884096	1123777330620352
gemv	1957	1123777320731072	11855936	1123777333868608
gemv	1958	1123777320731520	15203199	1123777341235776
gemv	1959	1123777320732224	15741760	1123777336480320
gemv	1960	1123777350800704	10921728	1123777361808768
gemv	1961	1123777350806080	9936384	1123777360844480
gemv	1962	1123777350806400	9320896	1123777360133376
gemv	1963	1123777350806720	9227328	1123777360052480
gemv	1964	1123777350807040	9249792	1123777360144192
gemv	1965	1123777350807360	9969280	1123777360778176
gemv	1986	1123777363073152	3965568	1123777367059520
gemv	1987	1123777363075776	4064512	1123777367171456
gemv	1988	1123777363076224	3974208	1123777367055744
gemv	1989	1123777363076544	3972416	1123777367060288
gemv	1990	1123777363076928	3961600	1123777367061696
gemv	1991	1123777363077248	3983168	1123777367061248
gemv	1932	1123777367623936	1106816	1123777368752128
gemv	1933	1123777367626624	1130816	1123777368787904
gemv	1934	1123777367627008	1122368	1123777368754496
gemv	1935	1123777367627328	1115264	1123777368753984
gemv	1936	1123777367627712	1102272	1123777368753792
gemv	1937	1123777367628032	1118528	1123777368747584
gemv	2018	1123777369193600	1101376	1123777370308736
gemv	2019	1123777369195968	1119104	1123777370343872
gemv	2020	1123777369196288	1110208	1123777370311680
gemv	2021	1123777369196672	1098624	1123777370312000
gemv	2022	1123777369196928	1088448	1123777370308160
gemv	2023	1123777369197312	1099968	1123777370298048
gemv	1966	1123777375623424	6633664	1123777382286848
gemv	1967	1123777375626560	3810304	1123777379467712
gemv	1968	1123777375627200	7021184	1123777382656384
gemv	1969	1123777375627584	3679808	1123777379321024
gemv	2034	1123777375627904	6751232	1123777382398336
gemv	2035	1123777375628288	7001792	1123777382631424
gemv	2036	1123777383525824	9342912	1123777392958016
gemv	2037	1123777383535040	9460352	1123777393080384
gemv	2038	1123777383535872	10941248	1123777394538688
gemv	2039	1123777383536384	9631936	1123777393235200
gemv	2040	1123777383536704	9225536	1123777392834560
gemv	2041	1123777383537280	10564992	1123777394106176
gemv	1992	1123777395016640	9913024	1123777404954816
gemv	1993	1123777395018880	11315200	1123777406363648
gemv	1994	1123777395019264	13453120	1123777408486016
gemv	1995	1123777395019584	9603264	1123777404658432
gemv	1996	1123777395019776	12390592	1123777410396864
gemv	1997	1123777395020096	9614656	1123777404635584
gemv	1892	1123777417421632	12235008	1123777429680832
gemv	1893	1123777417425024	11762688	1123777431772480
gemv	1894	1123777417425600	10790400	1123777428221568
gemv	1895	1123777417425984	10360576	1123777427799424
gemv	1896	1123777417426752	9487488	1123777427500544
gemv	1897	1123777417427072	10514688	1123777427942848
gemv	2068	1123777433389056	1933952	1123777436023168
gemv	2069	1123777433392064	1853376	1123777436900928
gemv	2070	1123777433392512	3729536	1123777437128576
gemv	2071	1123777433393216	3775424	1123777437788736
gemv	2072	1123777433393728	1917248	1123777435943424
gemv	2073	1123777433394176	3716672	1123777437112128
gemv	1952	1123777440891904	1984192	1123777442893120
gemv	1953	1123777440894592	1966592	1123777442897728
gemv	2082	1123777440894976	2067264	1123777442969408
gemv	2083	1123777440895360	1981184	1123777442899136
gemv	2084	1123777440895552	1991872	1123777442917376
gemv	2085	1123777440895872	1971648	1123777442868480
gemv	2086	1123777444077248	9247233	1123777453339393
gemv	2087	1123777444080064	9291200	1123777453389824
gemv	2088	1123777444080576	9252928	1123777453338368
gemv	2089	1123777444080896	9330176	1123777453436864
gemv	2090	1123777444081728	9255936	1123777453369280
gemv	2091	1123777444082048	9686336	1123777453769216
gemv	2024	1123777454308224	9339392	1123777463667584
gemv	2025	1123777454310720	9784064	1123777464125184
gemv	2026	1123777454311040	9297408	1123777463613696
gemv	2027	1123777454311296	9299584	1123777463622016
gemv	2028	1123777454311680	9290496	1123777463625664
gemv	2029	1123777454312128	9439808	1123777463752704
gemv	2104	1123777470780352	14163520	1123777485039424
gemv	2105	1123777470785856	9573376	1123777481656064
gemv	2106	1123777470786176	10984576	1123777481777152
gemv	2107	1123777470787008	9106880	1123777479909952
gemv	2108	1123777470787264	10206592	1123777481072832
gemv	2109	1123777470787584	13535872	1123777484324992
gemv	2030	1123777486294720	2053888	1123777488369472
gemv	2031	1123777486297088	2046976	1123777488378112
gemv	2032	1123777486297408	2102592	1123777488405440
gemv	2033	1123777486297728	2069312	1123777488378496
gemv	2114	1123777486298432	2060672	1123777488382208
gemv	2115	1123777486298752	2055104	1123777488354880
gemv	1904	1123777491310848	3580864	1123777494901696
gemv	1905	1123777491313216	1878016	1123777493221312
gemv	2146	1123777491318208	1876416	1123777493203328
gemv	2147	1123777491318528	1873472	1123777493206784
gemv	2148	1123777491318912	1875392	1123777493214656
gemv	2149	1123777491322048	3571968	1123777494894976
gemv	2150	1123777495737408	9713920	1123777505474304
gemv	2151	1123777495739776	9306048	1123777505072448
gemv	2152	1123777495740096	11991488	1123777507739264
gemv	2153	1123777495740672	9317888	1123777505072256
gemv	2154	1123777495741056	9275584	1123777505046208
gemv	2155	1123777495741504	11966400	1123777507708544
gemv	2080	1123777508171776	9341248	1123777517533504
gemv	2081	1123777508174272	9671488	1123777517920256
gemv	2178	1123777508174720	9319040	1123777517499584
gemv	2179	1123777508174912	9251136	1123777517437696
gemv	2180	1123777508175296	9320256	1123777517575872
gemv	2181	1123777508175680	9695040	1123777517871424
gemv	2110	1123777523998336	9281728	1123777533317120
gemv	2111	1123777524007936	10854336	1123777534905152
gemv	2112	1123777524008576	9508288	1123777533521920
gemv	2113	1123777524009088	9398208	1123777533442112
gemv	2194	1123777524009600	10437504	1123777534560896
gemv	2195	1123777524010048	9478016	1123777533489280
gemv	2164	1123777536210112	2100288	1123777538329472
gemv	2165	1123777536212864	2044544	1123777538284800
gemv	2166	1123777536213376	2090752	1123777538310272
gemv	2167	1123777536213824	2066112	1123777538366720
gemv	2168	1123777536214336	1997120	1123777538359616
gemv	2169	1123777536216896	2116096	1123777538334144
gemv	2196	1123777541125440	1979520	1123777543126976
gemv	2197	1123777541127808	1961664	1123777543180160
gemv	2198	1123777541128256	1920384	1123777543053568
gemv	2199	1123777541128576	1898112	1123777543037504
gemv	2200	1123777541128896	1902912	1123777543057920
gemv	2201	1123777541129216	1970560	1123777543100736
gemv	2116	1123777543896448	9359424	1123777553269824
gemv	2117	1123777543898880	9257472	1123777553173632
gemv	2118	1123777543899200	9282368	1123777553186560
gemv	2119	1123777543899520	9674624	1123777553596928
gemv	2120	1123777543899776	9660928	1123777553589760
gemv	2121	1123777543900032	9253312	1123777553154112
gemv	2122	1123777554019392	9264896	1123777563377152
gemv	2123	1123777554021312	9654848	1123777563851008
gemv	2124	1123777554021696	9338752	1123777563444672
gemv	2125	1123777554022016	9309888	1123777563430272
gemv	2126	1123777554022272	9657600	1123777563848384
gemv	2127	1123777554022592	9839744	1123777563862976
gemv	2230	1123777577798912	9144000	1123777587044096
gemv	2231	1123777577802048	11492288	1123777591499072
gemv	2232	1123777577802496	10443200	1123777588251712
gemv	2233	1123777577802880	9184384	1123777587004800
gemv	2234	1123777577803136	11514752	1123777589403264
gemv	2235	1123777577803456	9113664	1123777586917760
gemv	2222	1123777593117696	2002624	1123777595198144
gemv	2223	1123777593120000	2059584	1123777595262720
gemv	2224	1123777593120320	2075776	1123777595251328
gemv	2225	1123777593120576	5507712	1123777598694784
gemv	2258	1123777593120768	1995456	1123777595203840
gemv	2259	1123777593121088	4454016	1123777597575936
gemv	2170	1123777604960768	1964032	1123777606938560
gemv	2171	1123777604963264	2217664	1123777607202304
gemv	2172	1123777604963520	2086400	1123777607055104
gemv	2173	1123777604963840	2046272	1123777607038528
gemv	2174	1123777604964096	2031040	1123777607029568
gemv	2175	1123777604964352	2103744	1123777607069440
gemv	2048	1123777607962560	9302464	1123777617284736
gemv	2049	1123777607965056	9680378	1123777617708352
gemv	2290	1123777607965440	9675392	1123777617645696
gemv	2291	1123777607965696	9645376	1123777617621952
gemv	2292	1123777607965952	9227264	1123777617215744
gemv	2293	1123777607966208	9302272	1123777617269312
gemv	2294	1123777618350400	9244480	1123777627615680
gemv	2295	1123777618352448	9692544	1123777628070400
gemv	2296	1123777618352768	9923200	1123777628280832
gemv	2297	1123777618353152	9262464	1123777627625600
gemv	2298	1123777618353408	9713152	1123777628147328
gemv	2299	1123777618353728	9251904	1123777627606208
gemv	2236	1123777640624960	20662272	1123777661365760
gemv	2237	1123777640628608	20548352	1123777661346880
gemv	2238	1123777640629184	9933056	1123777650626048
gemv	2239	1123777640629824	9743168	1123777650516032
gemv	2240	1123777640630848	11435520	1123777652221056
gemv	2241	1123777640631360	10377024	1123777651009600
gemv	2322	1123777662889792	2132160	1123777665040512
gemv	2323	1123777662892672	2082048	1123777665012544
gemv	2324	1123777662893312	3110848	1123777666010048
gemv	2325	1123777662893696	2120512	1123777665035968
gemv	2326	1123777662894144	2114816	1123777665036864
gemv	2327	1123777662894656	3077184	1123777665973120
gemv	2338	1123777672141312	1979392	1123777674314496
gemv	2339	1123777672144320	1979328	1123777674370112
gemv	2340	1123777672144960	2077248	1123777674229120
gemv	2341	1123777672145344	2029504	1123777674241792
gemv	2342	1123777672145856	1974272	1123777674257728
gemv	2343	1123777672146304	2004096	1123777674151040
gemv	2276	1123777675170752	9497856	1123777684856448
gemv	2277	1123777675173504	9499840	1123777684868096
gemv	2278	1123777675175680	9709248	1123777684942208
gemv	2279	1123777675176192	9476608	1123777684780096
gemv	2280	1123777675176576	9449024	1123777684870400
gemv	2281	1123777675177088	9592448	1123777684770560
gemv	2282	1123777685361600	9144384	1123777694533248
gemv	2283	1123777685363840	9204288	1123777694603392
gemv	2284	1123777685364096	9552896	1123777694922624
gemv	2285	1123777685364352	9336640	1123777694712704
gemv	2286	1123777685364672	9217088	1123777694599232
gemv	2287	1123777685364992	9465280	1123777694830912
gemv	2310	1123777715379520	11214272	1123777726863296
gemv	2311	1123777715382848	11007040	1123777726719040
gemv	2312	1123777715383360	11128064	1123777726569088
gemv	2313	1123777715384000	10934528	1123777726451968
gemv	2314	1123777715384512	11132288	1123777726711744
gemv	2315	1123777715384960	9794048	1123777725180928
gemv	2316	1123777728567680	4013056	1123777732596608
gemv	2317	1123777728570240	4017280	1123777732615808
gemv	2318	1123777728570560	4033984	1123777732609984
gemv	2319	1123777728570880	3996288	1123777732587392
gemv	2320	1123777728571200	4004864	1123777732610240
gemv	2321	1123777728571456	3917312	1123777732489600
gemv	2272	1123777741882112	3802816	1123777745708800
gemv	2273	1123777741884992	3821504	1123777745748544
gemv	2402	1123777741885376	3711936	1123777745605632
gemv	2403	1123777741885632	3798912	1123777745712768
gemv	2404	1123777741885952	3656832	1123777745577792
gemv	2405	1123777741886336	3792448	1123777745679680
gemv	2372	1123777746743104	9615680	1123777756374848
gemv	2373	1123777746745856	9639488	1123777756405376
gemv	2374	1123777746746176	9543744	1123777756295616
gemv	2375	1123777746746432	9699008	1123777756472512
gemv	2376	1123777746746688	9216384	1123777755998016
gemv	2377	1123777746747008	9628352	1123777756376192
gemv	2334	1123777756892800	9676672	1123777766584192
gemv	2335	1123777756895168	9654656	1123777766580928
gemv	2336	1123777756895488	9308672	1123777766209664
gemv	2337	1123777756895808	9748480	1123777766662208
gemv	2418	1123777756896192	9687872	1123777766608000
gemv	2419	1123777756896384	9265152	1123777766162240
gemv	2420	1123777781422720	10620288	1123777792172416
gemv	2421	1123777781426048	10763520	1123777792333632
gemv	2422	1123777781426752	10159424	1123777791654784
gemv	2423	1123777781427328	10912576	1123777792473408
gemv	2424	1123777781427904	10591040	1123777792227520
gemv	2425	1123777781428352	10959360	1123777792388928
gemv	2434	1123777794028992	2044480	1123777796219328
gemv	2435	1123777794031232	2043840	1123777796225856
gemv	2436	1123777794031680	2116480	1123777796234432
gemv	2437	1123777794032064	1953792	1123777796144064
gemv	2438	1123777794032320	1963904	1123777796211520
gemv	2439	1123777794032576	2076736	1123777796110336
gemv	2426	1123777799681984	2039936	1123777801738176
gemv	2427	1123777799684544	1945408	1123777801663680
gemv	2428	1123777799684864	2013696	1123777801704192
gemv	2429	1123777799685056	2002624	1123777801708352
gemv	2430	1123777799685376	2010880	1123777801724672
gemv	2431	1123777799686016	2003584	1123777801690496
gemv	2432	1123777802762688	9701568	1123777812480448
gemv	2433	1123777802765184	9708928	1123777812502464
gemv	2450	1123777802765568	9328000	1123777812098688
gemv	2451	1123777802765888	9705856	1123777812491904
gemv	2452	1123777802766208	9795648	1123777812595456
gemv	2453	1123777802766976	9736384	1123777812504192
gemv	2482	1123777813017920	9786368	1123777822894528
gemv	2483	1123777813020288	9880512	1123777822994304
gemv	2484	1123777813020544	9778624	1123777822804928
gemv	2485	1123777813020928	9386240	1123777822422336
gemv	2486	1123777813021248	9836864	1123777822879552
gemv	2487	1123777813021632	9798848	1123777822821440
gemv	2440	1123777836751040	9315904	1123777846093888
gemv	2441	1123777836754240	10518144	1123777847305536
gemv	2442	1123777836755136	10549824	1123777847309632
gemv	2443	1123777836755456	9625856	1123777846393536
gemv	2444	1123777836755776	10565888	1123777847462208
gemv	2445	1123777836756032	10022720	1123777846779648
gemv	2488	1123777848811072	2154304	1123777850981568
gemv	2489	1123777848814528	2132736	1123777850974208
gemv	2490	1123777848814912	2158080	1123777850977920
gemv	2491	1123777848815296	2155008	1123777850990400
gemv	2492	1123777848815552	2082368	1123777850930816
gemv	2493	1123777848815872	2071808	1123777850888576
gemv	2500	1123777854135168	2115584	1123777856332736
gemv	2501	1123777854138048	1977536	1123777856306752
gemv	2502	1123777854138560	2027776	1123777856174976
gemv	2503	1123777854139200	2039744	1123777856249728
gemv	2504	1123777854139712	2002688	1123777856276544
gemv	2505	1123777854140096	2108032	1123777856249088
gemv	2506	1123777857176256	9525376	1123777866769984
gemv	2507	1123777857178816	9379968	1123777866771264
gemv	2508	1123777857179328	9341760	1123777866527104
gemv	2509	1123777857180864	9328896	1123777866648000
gemv	2510	1123777857181248	9425024	1123777866812096
gemv	2511	1123777857181504	9380096	1123777866562112
gemv	2494	1123777867246912	9279104	1123777876552768
gemv	2495	1123777867249344	9374848	1123777876658112
gemv	2496	1123777867249728	9397504	1123777876652224
gemv	2497	1123777867250112	9281280	1123777876542272
gemv	2530	1123777867250432	9276096	1123777876543296
gemv	2531	1123777867251136	9309056	1123777876561024
gemv	2460	1123777893404032	9535808	1123777903292544
gemv	2461	1123777893407424	11077696	1123777904864064
gemv	2462	1123777893408000	12732992	1123777906412032
gemv	2463	1123777893408448	10855360	1123777904706560
gemv	2464	1123777893409536	9706816	1123777903625792
gemv	2465	1123777893409984	10722944	1123777904137600
gemv	2412	1123777907780096	2123200	1123777909926208
gemv	2413	1123777907782720	2060288	1123777909869952
gemv	2414	1123777907783040	2112064	1123777909900992
gemv	2415	1123777907783552	2120320	1123777909917248
gemv	2416	1123777907783808	2032768	1123777909850432
gemv	2417	1123777907784000	2125632	1123777909910720
gemv	2550	1123777913364544	1986048	1123777915376064
gemv	2551	1123777913367296	2002880	1123777915406144
gemv	2552	1123777913367744	1998784	1123777915372032
gemv	2553	1123777913368000	2001024	1123777915382208
gemv	2554	1123777913368320	1891904	1123777915289792
gemv	2555	1123777913368704	1984448	1123777915353984
gemv	2578	1123777916121728	9783872	1123777925931648
gemv	2579	1123777916124032	9798144	1123777925956416
gemv	2580	1123777916124352	9756928	1123777925887936
gemv	2581	1123777916124736	9725376	1123777925864128
gemv	2582	1123777916125056	9562624	1123777925716096
gemv	2583	1123777916125312	9292480	1123777925418688
gemv	2584	1123777926396288	9315456	1123777935726144
gemv	2585	1123777926398720	9408960	1123777935813056
gemv	2586	1123777926399232	9511232	1123777935936000
gemv	2587	1123777926399552	9743680	1123777936161216
gemv	2588	1123777926399936	9782976	1123777936213376
gemv	2589	1123777926410624	9343616	1123777935754944
gemv	2610	1123777947329792	9458624	1123777956811968
gemv	2611	1123777947333056	9349568	1123777956740992
gemv	2612	1123777947333632	13929088	1123777961270976
gemv	2613	1123777947334080	13007040	1123777960389056
gemv	2614	1123777947334528	9282304	1123777956681408
gemv	2615	1123777947335232	9349632	1123777956686528
gemv	2556	1123777962536640	2133056	1123777964697344
gemv	2557	1123777962539456	2014592	1123777964622080
gemv	2558	1123777962539712	2096320	1123777964641920
gemv	2559	1123777962540160	2065600	1123777964617344
gemv	2560	1123777962540416	2005312	1123777964618176
gemv	2561	1123777962540672	2058304	1123777964599680
gemv	2626	1123777967475072	1949760	1123777969451584
gemv	2627	1123777967477248	1955584	1123777969463424
gemv	2628	1123777967477632	1874624	1123777969357312
gemv	2629	1123777967478016	1882240	1123777969370624
gemv	2630	1123777967478336	1886464	1123777969381632
gemv	2631	1123777967478656	1872704	1123777969352320
gemv	2606	1123777970215488	9328832	1123777979558336
gemv	2607	1123777970218048	9350784	1123777979592448
gemv	2608	1123777970218368	9272576	1123777979496320
gemv	2609	1123777970218688	9703168	1123777979938560
gemv	2642	1123777970219008	9710400	1123777979957312
gemv	2643	1123777970219648	9316736	1123777979537088
gemv	2616	1123777980641472	9274432	1123777989946752
gemv	2617	1123777980643776	9259904	1123777990272448
gemv	2618	1123777980644160	9738240	1123777990387776
gemv	2619	1123777980644416	9298624	1123777989954176
gemv	2620	1123777980645056	9661824	1123777990323584
gemv	2621	1123777980645312	9263936	1123777989909888
gemv	2590	1123777997398464	9169600	1123778006746304
gemv	2591	1123777997401664	11205120	1123778008791488
gemv	2592	1123777997402176	10791104	1123778008282432
gemv	2593	1123777997403072	10380672	1123778007936384
gemv	2674	1123777997404800	10564416	1123778008158528
gemv	2675	1123777997405248	10416192	1123778007822528
gemv	2522	1123778010393664	2139584	1123778012563648
gemv	2523	1123778010396288	2060736	1123778012492672
gemv	2524	1123778010396672	2167424	1123778012570048
gemv	2525	1123778010397056	2145920	1123778012556032
gemv	2526	1123778010397440	2145216	1123778012562624
gemv	2527	1123778010397824	2067968	1123778012466688
gemv	2528	1123778017380096	1961536	1123778019372416
gemv	2529	1123778017382848	1961472	1123778019378432
gemv	2690	1123778017383360	2010432	1123778019398720
gemv	2691	1123778017383616	1962944	1123778019358720
gemv	2692	1123778017383936	1960640	1123778019363520
gemv	2693	1123778017384320	1980416	1123778019365696
gemv	2668	1123778020138688	10809792	1123778031021376
gemv	2669	1123778020140736	9560960	1123778029830208
gemv	2670	1123778020140992	9703488	1123778029905536
gemv	2671	1123778020141312	9970112	1123778030246208
gemv	2672	1123778020141504	9678208	1123778030011776
gemv	2673	1123778020141696	10692416	1123778030834880
gemv	2632	1123778031737536	9526208	1123778041314752
gemv	2633	1123778031737984	9749248	1123778041542976
gemv	2634	1123778031738496	17776768	1123778049546304
gemv	2635	1123778031738880	10747008	1123778042523392
gemv	2636	1123778031739136	9715136	1123778041497728
gemv	2637	1123778031739328	19458432	1123778051202368
gemv	2622	1123778064212672	17628800	1123778083468224
gemv	2623	1123778064216320	25037632	1123778092052608
gemv	2624	1123778064216896	9366016	1123778073589952
gemv	2625	1123778064217280	16717952	1123778080953088
gemv	2722	1123778064217600	17779584	1123778082024704
gemv	2723	1123778064218112	9398400	1123778073617920
gemv	2738	1123778093782080	3870784	1123778097668992
gemv	2739	1123778093784320	4615488	1123778099629184
gemv	2740	1123778093784832	3978240	1123778097769280
gemv	2741	1123778093785152	3836160	1123778097642368
gemv	2742	1123778093785408	7212608	1123778101026176
gemv	2743	1123778093786176	3823360	1123778097610368
gemv	2708	1123778106308992	6502144	1123778112840896
gemv	2709	1123778106311744	3650560	1123778110992832
gemv	2710	1123778106312192	3767680	1123778110085632
gemv	2711	1123778106312704	3919744	1123778110247872
gemv	2712	1123778106313600	4309056	1123778111644032
gemv	2713	1123778106313984	3901184	1123778110216128
gemv	2774	1123778113783680	9446016	1123778123246144
gemv	2775	1123778113786240	14770240	1123778128586240
gemv	2776	1123778113786752	9311488	1123778123104512
gemv	2777	1123778113787136	9494272	1123778123301888
gemv	2778	1123778113787520	12458368	1123778128462656
gemv	2779	1123778113787776	9201152	1123778122989568
gemv	2688	1123778129235584	17684480	1123778146939072
gemv	2689	1123778129238016	9747008	1123778141761728
gemv	2786	1123778129238400	10719168	1123778139965376
gemv	2787	1123778129238656	13734144	1123778145742720
gemv	2788	1123778129238976	10258432	1123778142329024
gemv	2789	1123778129239232	10504128	1123778139744064
gemv	2720	1123778155892480	23117312	1123778179033792
gemv	2721	1123778155895808	18774144	1123778177783936
gemv	2802	1123778155896256	13563776	1123778169465664
gemv	2803	1123778155896640	14608640	1123778170534720
gemv	2804	1123778155896832	15290624	1123778174318912
gemv	2805	1123778155897152	13389120	1123778169287616
gemv	2818	1123778180818432	3272320	1123778184109568
gemv	2819	1123778180820928	2352448	1123778183179712
gemv	2820	1123778180821184	2510144	1123778185524480
gemv	2821	1123778180822016	2281280	1123778183126656
gemv	2822	1123778180822272	2515584	1123778185551744
gemv	2823	1123778180825600	2209728	1123778183035840
gemv	2806	1123778190365952	1976448	1123778192363520
gemv	2807	1123778190368640	2084736	1123778192481344
gemv	2808	1123778190369280	2086784	1123778192463040
gemv	2809	1123778190369792	2043200	1123778192499648
gemv	2810	1123778190370176	4677056	1123778197041088
gemv	2811	1123778190370560	2085376	1123778192456896
gemv	2836	1123778197968896	9899328	1123778207884672
gemv	2837	1123778197971072	10083904	1123778208088896
gemv	2838	1123778197971456	9576640	1123778207554432
gemv	2839	1123778197971776	12998912	1123778211008896
gemv	2840	1123778197972224	12226176	1123778213232704
gemv	2841	1123778197972736	9387584	1123778207360704
gemv	2842	1123778213760832	9326656	1123778223101376
gemv	2843	1123778213763136	9291072	1123778223082944
gemv	2844	1123778213763968	9331648	1123778223099968
gemv	2845	1123778213764288	9328768	1123778223111936
gemv	2846	1123778213764544	9247360	1123778223046144
gemv	2847	1123778213765312	9314176	1123778223080192
gemv	2796	1123778231793088	9262848	1123778241092032
gemv	2797	1123778231796544	9340160	1123778241177600
gemv	2798	1123778231796992	9306304	1123778241108672
gemv	2799	1123778231797312	9266816	1123778241076736
gemv	2800	1123778231797952	9513600	1123778241332736
gemv	2801	1123778231798720	10081408	1123778241881024
gemv	2812	1123778243188544	2064832	1123778245286208
gemv	2813	1123778243203200	2050432	1123778245292288
gemv	2814	1123778243203584	2137792	1123778245346240
gemv	2815	1123778243203840	2136128	1123778245351872
gemv	2816	1123778243204160	2116288	1123778245375296
gemv	2817	1123778243204928	2275008	1123778245480768
gemv	2744	1123778248356160	1924992	1123778250297088
gemv	2745	1123778248358784	2406144	1123778250785728
gemv	2746	1123778248359104	1987968	1123778250352448
gemv	2747	1123778248359552	2358144	1123778250758464
gemv	2748	1123778248360448	1940224	1123778250346752
gemv	2749	1123778248360704	1926592	1123778250288384
gemv	2766	1123778251675392	9830336	1123778261521920
gemv	2767	1123778251677760	9356352	1123778261053632
gemv	2768	1123778251678080	9377024	1123778261060416
gemv	2769	1123778251678400	9499712	1123778261202816
gemv	2898	1123778251678720	9436992	1123778261148224
gemv	2899	1123778251678976	9376128	1123778261055936
gemv	2724	1123778261947008	9366144	1123778271340544
gemv	2725	1123778261949632	9919872	1123778271900032
gemv	2726	1123778261949952	9416064	1123778271371584
gemv	2727	1123778261950272	9428224	1123778271390272
gemv	2728	1123778261950528	9445696	1123778271414016
gemv	2729	1123778261950848	9422784	1123778271374528
gemv	2900	1123778278013568	9288832	1123778287414784
gemv	2901	1123778278016832	9256448	1123778287397440
gemv	2902	1123778278017280	9259200	1123778287287680
gemv	2903	1123778278017728	10179264	1123778288297280
gemv	2904	1123778278018368	9300992	1123778287436096
gemv	2905	1123778278018944	9213632	1123778287233664
gemv	2906	1123778289762880	2124672	1123778291903808
gemv	2907	1123778289765504	2048960	1123778291834368
gemv	2908	1123778289765888	2143808	1123778291915200
gemv	2909	1123778289766208	2071936	1123778291863360
gemv	2910	1123778289766592	2047296	1123778291845696
gemv	2911	1123778289766848	2130560	1123778291898368
gemv	2886	1123778294780416	1883776	1123778296684800
gemv	2887	1123778294782848	1956800	1123778296765632
gemv	2888	1123778294783168	1893184	1123778296681088
gemv	2889	1123778294783488	1913536	1123778296709056
gemv	2890	1123778294783872	1944576	1123778296758528
gemv	2891	1123778294784192	1877056	1123778296662080
gemv	2736	1123778297647040	9971520	1123778307640704
gemv	2737	1123778297649664	9764992	1123778307445824
gemv	2930	1123778297650048	9319424	1123778306974528
gemv	2931	1123778297650368	9736704	1123778307399424
gemv	2932	1123778297650816	9347712	1123778307022912
gemv	2933	1123778297651072	9751424	1123778307403392
gemv	2892	1123778308078080	9827264	1123778317971264
gemv	2893	1123778308080256	9842880	1123778318102976
gemv	2894	1123778308080576	9405568	1123778317491712
gemv	2895	1123778308080960	9853760	1123778318057408
gemv	2896	1123778308081344	9444864	1123778317710528
gemv	2897	1123778308081664	9361088	1123778317443584
gemv	2862	1123778329740224	10431744	1123778340189504
gemv	2863	1123778329743488	9242240	1123778339067456
gemv	2864	1123778329743936	10406720	1123778340156032
gemv	2865	1123778329744384	11505600	1123778341322176
gemv	2962	1123778329744896	13759616	1123778345766336
gemv	2963	1123778329745152	10436416	1123778340182912
gemv	2934	1123778347380608	2043008	1123778349447296
gemv	2935	1123778347382976	2097024	1123778349508800
gemv	2936	1123778347383360	2058368	1123778349446848
gemv	2937	1123778347383680	2093376	1123778349490240
gemv	2938	1123778347384128	2030080	1123778349497920
gemv	2939	1123778347384576	2030272	1123778349415744
gemv	2940	1123778352423936	1879424	1123778354323584
gemv	2941	1123778352426624	1962112	1123778354414720
gemv	2942	1123778352427008	2046528	1123778354478976
gemv	2943	1123778352427328	1898368	1123778354336896
gemv	2944	1123778352427584	1899968	1123778354358528
gemv	2945	1123778352427904	1952512	1123778354381248
gemv	2750	1123778355193728	9759488	1123778364981056
gemv	2751	1123778355196992	9732096	1123778364959680
gemv	2752	1123778355197440	9380800	1123778364582528
gemv	2753	1123778355197824	9393536	1123778364602048
gemv	3010	1123778355198144	9739072	1123778364954688
gemv	3011	1123778355198400	9335872	1123778364535232
gemv	3012	1123778365425024	9841088	1123778375281408
gemv	3013	1123778365427328	9380736	1123778374829248
gemv	3014	1123778365427712	9385920	1123778374818624
gemv	3015	1123778365428480	9784384	1123778375238912
gemv	3016	1123778365428928	9806848	1123778375266176
gemv	3017	1123778365429184	9361984	1123778374791808
gemv	3032	1123778391272576	10732096	1123778402155264
gemv	3033	1123778391275840	10929920	1123778402417280
gemv	3034	1123778391276480	9946816	1123778401283008
gemv	3035	1123778391277056	10570240	1123778401918592
gemv	3036	1123778391277632	10634304	1123778402047744
gemv	3037	1123778391278080	10562496	1123778401845888
gemv	2950	1123778403986048	2142208	1123778406136896
gemv	2951	1123778403988800	2122752	1123778406135936
gemv	2952	1123778403989120	2138368	1123778406145344
gemv	2953	1123778403994752	2114432	1123778406135680
gemv	2954	1123778403995072	2102336	1123778406130496
gemv	2955	1123778403995392	2120768	1123778406117312
gemv	3004	1123778410998400	1973375	1123778412982592
gemv	3005	1123778411004160	1941312	1123778413128064
gemv	3006	1123778411008512	2001344	1123778413018752
gemv	3007	1123778411008896	1963328	1123778413090880
gemv	3008	1123778411009216	1956480	1123778413200640
gemv	3009	1123778411009600	1976128	1123778412986240
gemv	3044	1123778414064896	9784192	1123778423863424
gemv	3045	1123778414067392	9303104	1123778423444736
gemv	3046	1123778414067776	9688000	1123778423761344
gemv	3047	1123778414068096	9691520	1123778423827520
gemv	3048	1123778414068416	9889216	1123778424035776
gemv	3049	1123778414068800	9675776	1123778423745344
gemv	3064	1123778424631680	9639744	1123778434294848
gemv	3065	1123778424634112	9646656	1123778434309312
gemv	3066	1123778424634560	9670976	1123778434311360
gemv	3067	1123778424634880	9620928	1123778434269184
gemv	3068	1123778424635200	9658944	1123778434327360
gemv	3069	1123778424635584	9224896	1123778433861056
gemv	3038	1123778449485440	10535296	1123778460211264
gemv	3039	1123778449488320	10823296	1123778460571456
gemv	3040	1123778449488896	10029120	1123778459577664
gemv	3041	1123778449489408	9418112	1123778459035456
gemv	3074	1123778449489856	10487296	1123778460228800
gemv	3075	1123778449490240	9236096	1123778458727360
gemv	3076	1123778462315200	3867200	1123778466200064
gemv	3077	1123778462317952	3884288	1123778466347264
gemv	3078	1123778462318336	3914048	1123778466238848
gemv	3079	1123778462318720	4003712	1123778466411072
gemv	3080	1123778462319040	3929152	1123778466397312
gemv	3081	1123778462319808	4002560	1123778466323328
gemv	3024	1123778474479232	3835520	1123778478331328
gemv	3025	1123778474482240	3877184	1123778478380672
gemv	3106	1123778474482624	3831104	1123778478319296
gemv	3107	1123778474483456	3699136	1123778478210752
gemv	3108	1123778474483712	3811072	1123778478330112
gemv	3109	1123778474484032	3818752	1123778478303680
gemv	3110	1123778479651200	9349824	1123778489079488
gemv	3111	1123778479653568	9385152	1123778489262656
gemv	3112	1123778479653952	9356288	1123778489018368
gemv	3113	1123778479654592	9366656	1123778489035520
gemv	3114	1123778479654976	9348224	1123778489084288
gemv	3115	1123778479655424	9289280	1123778488945536
gemv	3116	1123778489754176	9219520	1123778498989184
gemv	3117	1123778489757120	9228992	1123778499011392
gemv	3118	1123778489757632	9279680	1123778499042688
gemv	3119	1123778489757952	9216640	1123778498993216
gemv	3120	1123778489758272	9303616	1123778499093312
gemv	3121	1123778489758592	9673152	1123778499432576
gemv	3144	1123778516815360	10427584	1123778527314176
gemv	3145	1123778516819456	9293696	1123778526314816
gemv	3146	1123778516819968	9501696	1123778526329024
gemv	3147	1123778516820544	9518784	1123778526477184
gemv	3148	1123778516820992	10566784	1123778527656384
gemv	3149	1123778516821440	9295424	1123778526117888
gemv	3070	1123778528082496	12410880	1123778540701952
gemv	3071	1123778528085696	14532096	1123778542886848
gemv	3072	1123778528086208	15425152	1123778543520000
gemv	3073	1123778528086720	15262400	1123778543425664
gemv	3154	1123778528087680	15297344	1123778543527424
gemv	3155	1123778528088128	15276032	1123778543366784
quant	34	1123775634476160	208384	1123775634705792
quant	35	1123775634479552	191808	1123775634720000
quant	36	1123775634480064	217344	1123775634704512
quant	37	1123775634480384	205696	1123775634717440
quant	38	1123775634480640	172160	1123775634759616
quant	39	1123775634480960	194368	1123775634682240
quant	30	1123775636903616	161280	1123775637072832
quant	31	1123775636906240	153152	1123775637139456
quant	32	1123775636917312	155328	1123775637134592
quant	33	1123775636917760	157824	1123775637150656
quant	50	1123775636918080	147456	1123775637145408
quant	51	1123775636918336	145152	1123775637068736
quant	52	1123775637779008	174592	1123775637967744
quant	53	1123775637781056	171968	1123775637983808
quant	54	1123775637781440	178432	1123775637965056
quant	55	1123775637781696	174848	1123775637974528
quant	56	1123775637781952	163392	1123775637969472
quant	57	1123775637782208	160192	1123775637942784
quant	11	1123775642924288	168896	1123775643176448
quant	12	1123775642927168	155712	1123775643226304
quant	13	1123775642927680	198016	1123775643135104
quant	14	1123775642928064	180224	1123775643175936
quant	15	1123775642928576	157184	1123775643175168
quant	16	1123775642929536	197824	1123775643128256
quant	58	1123775645763392	213376	1123775645993088
quant	59	1123775645766400	193728	1123775645965952
quant	60	1123775645766656	201600	1123775646002560
quant	61	1123775645766912	205504	1123775645992512
quant	62	1123775645767552	191680	1123775645986432
quant	63	1123775645772864	172416	1123775645945984
quant	98	1123775655816064	204544	1123775656041472
quant	99	1123775655818368	181696	1123775656030208
quant	100	1123775655818688	196096	1123775656020032
quant	101	1123775655819072	218880	1123775656049792
quant	102	1123775655819328	187584	1123775656031168
quant	103	1123775655819520	175488	1123775655995712
quant	64	1123775682808704	1186432	1123775684268736
quant	65	1123775682811648	1123136	1123775684217600
quant	130	1123775682812160	1232000	1123775684105664
quant	131	1123775682812608	1203776	1123775684142784
quant	132	1123775682813504	1134784	1123775684145088
quant	133	1123775682814080	1124160	1123775683939584
quant	110	1123775696545344	222656	1123775696957312
quant	111	1123775696548800	203712	1123775696994560
quant	112	1123775696580736	280256	1123775696890304
quant	113	1123775696581440	246912	1123775696919040
quant	146	1123775696582080	191616	1123775696993152
quant	147	1123775696582656	269824	1123775696853312
quant	40	1123775699373952	207936	1123775699617920
quant	41	1123775699376192	197440	1123775699613312
quant	42	1123775699376512	191296	1123775699573632
quant	43	1123775699376832	199424	1123775699591808
quant	44	1123775699377088	197248	1123775699598528
quant	45	1123775699377408	172480	1123775699550656
quant	46	1123775700381440	210880	1123775700605632
quant	47	1123775700383488	190144	1123775700591296
quant	48	1123775700383744	200000	1123775700588864
quant	49	1123775700384000	181632	1123775700588672
quant	178	1123775700384256	186944	1123775700598784
quant	179	1123775700384576	160640	1123775700545920
quant	180	1123775706281920	225152	1123775706647552
quant	181	1123775706284480	170304	1123775706714304
quant	182	1123775706284992	276096	1123775706621248
quant	183	1123775706285440	260032	1123775706621696
quant	184	1123775706285888	181696	1123775706668992
quant	185	1123775706286336	288256	1123775706575296
quant	90	1123775710007488	226432	1123775710262720
quant	91	1123775710010496	243392	1123775710344512
quant	92	1123775710010816	203520	1123775710223552
quant	93	1123775710011072	204992	1123775710247936
quant	94	1123775710011328	210816	1123775710318848
quant	95	1123775710011584	180928	1123775710193472
quant	96	1123775721960384	282368	1123775722316288
quant	97	1123775721963200	224000	1123775722407424
quant	210	1123775721963712	304576	1123775722275264
quant	211	1123775721964160	261440	1123775722330304
quant	212	1123775721964608	207424	1123775722337152
quant	213	1123775721965056	298624	1123775722264448
quant	214	1123775752990528	3017472	1123775756455872
quant	215	1123775752993728	2932736	1123775756380480
quant	216	1123775752994304	2718272	1123775755791168
quant	217	1123775752994816	2660224	1123775755799616
quant	218	1123775752995392	4053504	1123775757292096
quant	219	1123775752996416	2357568	1123775755355072
quant	174	1123775768998400	217408	1123775769235264
quant	175	1123775769006848	206528	1123775769270592
quant	176	1123775769007424	208960	1123775769219392
quant	177	1123775769007808	210432	1123775769235776
quant	226	1123775769008320	204288	1123775769276544
quant	227	1123775769008576	191744	1123775769200960
quant	220	1123775771540480	214592	1123775771770432
quant	221	1123775771542656	197824	1123775771747008
quant	222	1123775771542912	204736	1123775771781696
quant	223	1123775771543232	207296	1123775771769920
quant	224	1123775771554752	193664	1123775771764608
quant	225	1123775771555200	179520	1123775771735488
quant	244	1123775772934208	210304	1123775773221568
quant	245	1123775772936256	187200	1123775773202304
quant	246	1123775772936704	202240	1123775773143744
quant	247	1123775772936960	208512	1123775773214784
quant	248	1123775772937664	184512	1123775773203584
quant	249	1123775772937984	174144	1123775773112704
quant	186	1123775778238336	162368	1123775778587008
quant	187	1123775778242240	161152	1123775778607296
quant	188	1123775778242944	191680	1123775778448448
quant	189	1123775778243328	164544	1123775778492032
quant	190	1123775778243968	167936	1123775778554688
quant	191	1123775778244416	177664	1123775778424064
quant	200	1123775781145472	236096	1123775781511616
quant	201	1123775781149184	225216	1123775781557824
quant	202	1123775781149824	268544	1123775781480128
quant	203	1123775781150400	240960	1123775781510208
quant	204	1123775781150912	213248	1123775781601728
quant	205	1123775781151488	252288	1123775781405248
quant	250	1123775791548992	216000	1123775791779904
quant	251	1123775791550976	205568	1123775791775936
quant	252	1123775791551296	207168	1123775791763840
quant	253	1123775791551744	200640	1123775791777280
quant	254	1123775791552064	210176	1123775791791232
quant	255	1123775791552512	189312	1123775791742912
quant	256	1123775816545600	2099008	1123775818673472
quant	257	1123775816548928	3476864	1123775820169856
quant	306	1123775816549568	1999808	1123775818559872
quant	307	1123775816550080	1953152	1123775818657152
quant	308	1123775816550592	1911488	1123775818671552
quant	309	1123775816551040	1697472	1123775818249728
quant	310	1123775847784384	256448	1123775848234560
quant	311	1123775847787840	219840	1123775848275776
quant	312	1123775847789184	318272	1123775848169920
quant	313	1123775847790528	286592	1123775848200064
quant	314	1123775847791168	324544	1123775848415808
quant	315	1123775847791680	320896	1123775848113664
quant	294	1123775853257664	248320	1123775853541952
quant	295	1123775853259840	373568	1123775853737856
quant	296	1123775853260160	234496	1123775853501888
quant	297	1123775853260416	234752	1123775853510016
quant	298	1123775853260736	201216	1123775853527296
quant	299	1123775853261056	220736	1123775853482624
quant	322	1123775854861248	218944	1123775855085952
quant	323	1123775854863424	221568	1123775855101440
quant	324	1123775854863744	217280	1123775855091392
quant	325	1123775854866112	213248	1123775855099392
quant	326	1123775854866432	315264	1123775855221056
quant	327	1123775854866624	187264	1123775855054592
quant	328	1123775868480384	206016	1123775868764416
quant	329	1123775868484544	190592	1123775868811776
quant	330	1123775868485504	213312	1123775868760384
quant	331	1123775868486080	206656	1123775868911936
quant	332	1123775868486656	163008	1123775868872448
quant	333	1123775868487168	232448	1123775868720768
quant	300	1123775873044480	400320	1123775873563712
quant	301	1123775873046912	218368	1123775873487616
quant	302	1123775873047232	249728	1123775873302144
quant	303	1123775873047488	241984	1123775873307520
quant	304	1123775873047744	225728	1123775873300352
quant	305	1123775873048448	219136	1123775873268544
quant	362	1123775884520512	252480	1123775884916032
quant	363	1123775884521344	238080	1123775884912384
quant	364	1123775884521920	253056	1123775884844864
quant	365	1123775884522880	225408	1123775884910848
quant	366	1123775884523328	196992	1123775884951488
quant	367	1123775884523840	229632	1123775884754240
quant	334	1123775913315840	1170432	1123775914568640
quant	335	1123775913320256	1108800	1123775914567232
quant	336	1123775913320768	1137664	1123775914523328
quant	337	1123775913321280	1083456	1123775914552576
quant	386	1123775913321728	2181632	1123775915734272
quant	387	1123775913322688	1042688	1123775914367168
quant	402	1123775952177792	294464	1123775952499328
quant	403	1123775952181248	227776	1123775952673984
quant	404	1123775952181760	296832	1123775952488768
quant	405	1123775952182784	261376	1123775952529920
quant	406	1123775952183296	220224	1123775952657152
quant	407	1123775952183744	266112	1123775952450880
quant	234	1123775955004352	212352	1123775955231424
quant	235	1123775955005504	210816	1123775955308928
quant	236	1123775955005824	219136	1123775955231808
quant	237	1123775955006080	202560	1123775955228480
quant	238	1123775955006336	225088	1123775955317952
quant	239	1123775955006592	193984	1123775955201344
quant	418	1123775956107008	217024	1123775956349888
quant	419	1123775956109120	235840	1123775956373888
quant	420	1123775956109376	217856	1123775956332288
quant	421	1123775956109824	221248	1123775956341760
quant	422	1123775956111488	211392	1123775956338432
quant	423	1123775956111744	206784	1123775956319168
quant	388	1123775959692992	202112	1123775959930304
quant	389	1123775959695808	318464	1123775960072000
quant	390	1123775959696064	190720	1123775959893632
quant	391	1123775959696384	191040	1123775959902016
quant	392	1123775959696576	189824	1123775959907392
quant	393	1123775959697152	179520	1123775959877376
quant	442	1123775969027904	263936	1123775969369920
quant	443	1123775969032576	249216	1123775969371776
quant	444	1123775969035072	263872	1123775969363072
quant	445	1123775969035456	260288	1123775969374848
quant	446	1123775969038592	244800	1123775969374912
quant	447	1123775969039168	390592	1123775969431040
quant	454	1123775981401536	259392	1123775981704768
quant	455	1123775981404096	387264	1123775981922240
quant	456	1123775981404480	278080	1123775981687808
quant	457	1123775981404736	251456	1123775981668736
quant	458	1123775981405056	258048	1123775981688768
quant	459	1123775981405312	240576	1123775981646592
quant	470	1123776034366080	1829760	1123776036334272
quant	471	1123776034369344	2049920	1123776036678720
quant	472	1123776034369856	1789376	1123776036217408
quant	473	1123776034370304	1789312	1123776036228160
quant	474	1123776034370816	1692992	1123776036209792
quant	475	1123776034371648	1674880	1123776036047872
quant	460	1123776049174080	228544	1123776049593472
quant	461	1123776049177280	227264	1123776049648960
quant	462	1123776049177856	272192	1123776049510336
quant	463	1123776049178304	232448	1123776049536448
quant	464	1123776049179520	222912	1123776049655744
quant	465	1123776049180096	278720	1123776049460032
quant	340	1123776053879104	230336	1123776054123712
quant	341	1123776053881344	223040	1123776054130368
quant	342	1123776053881664	218112	1123776054105344
quant	343	1123776053881920	214400	1123776054114496
quant	344	1123776053882176	210880	1123776054123008
quant	345	1123776053882432	199552	1123776054082688
quant	346	1123776055526464	225920	1123776055770880
quant	347	1123776055528832	217792	1123776055774016
quant	348	1123776055529152	205376	1123776055737856
quant	349	1123776055529408	209536	1123776055748224
quant	350	1123776055529664	203648	1123776055755520
quant	351	1123776055529984	187392	1123776055718016
quant	484	1123776065495616	360384	1123776065996608
quant	485	1123776065499264	344640	1123776066045952
quant	486	1123776065500096	385152	1123776065944512
quant	487	1123776065500544	364800	1123776065937856
quant	488	1123776065501632	333376	1123776066026176
quant	489	1123776065502336	385024	1123776065888576
quant	490	1123776070456256	231104	1123776070704640
quant	491	1123776070459520	227200	1123776070693120
quant	492	1123776070460672	225664	1123776070714112
quant	493	1123776070460928	224384	1123776070705152
quant	494	1123776070461248	214784	1123776070710080
quant	495	1123776070463616	196288	1123776070666944
quant	514	1123776080478976	224896	1123776080760320
quant	515	1123776080479360	219776	1123776080772992
quant	516	1123776080479808	219584	1123776080748800
quant	517	1123776080480064	219136	1123776080760960
quant	518	1123776080480320	205440	1123776080753856
quant	519	1123776080480640	190592	1123776080671744
quant	520	1123776106310208	1683648	1123776108121856
quant	521	1123776106313024	1582336	1123776108139840
quant	522	1123776106313792	1686528	1123776108062656
quant	523	1123776106314368	1608448	1123776108110080
quant	524	1123776106314816	1565440	1123776108178688
quant	525	1123776106315264	1516608	1123776107832640
quant	400	1123776121520256	236224	1123776121862592
quant	401	1123776121523648	220096	1123776121860416
quant	546	1123776121524224	281792	1123776121813312
quant	547	1123776121524736	266496	1123776121808192
quant	548	1123776121525312	217344	1123776121912064
quant	549	1123776121525760	252800	1123776121779584
quant	540	1123776124333312	221184	1123776124569088
quant	541	1123776124335552	211328	1123776124578432
quant	542	1123776124335808	211072	1123776124551872
quant	543	1123776124336128	215360	1123776124571392
quant	544	1123776124336384	195904	1123776124558912
quant	545	1123776124336704	192832	1123776124530368
quant	578	1123776125330112	227072	1123776125581824
quant	579	1123776125332224	200064	1123776125559296
quant	580	1123776125332480	212544	1123776125549504
quant	581	1123776125332736	202688	1123776125545536
quant	582	1123776125333056	210944	1123776125559936
quant	583	1123776125333376	185344	1123776125519104
quant	550	1123776131135232	240320	1123776131452096
quant	551	1123776131138304	297152	1123776131656384
quant	552	1123776131138752	275648	1123776131424384
quant	553	1123776131139264	202560	1123776131474944
quant	554	1123776131139776	171904	1123776131536512
quant	555	1123776131140224	266560	1123776131407680
quant	572	1123776142319680	351872	1123776142744448
quant	573	1123776142322368	324224	1123776142931456
quant	574	1123776142329216	347136	1123776142730112
quant	575	1123776142329856	302592	1123776142755712
quant	576	1123776142330368	259968	1123776142776320
quant	577	1123776142330944	355776	1123776142687296
quant	610	1123776152995264	254144	1123776153375360
quant	611	1123776152997376	249280	1123776153422528
quant	612	1123776152998080	263488	1123776153270528
quant	613	1123776152998400	263040	1123776153275520
quant	614	1123776152998720	248064	1123776153270272
quant	615	1123776152998976	245568	1123776153248384
quant	590	1123776180978944	1754112	1123776182876416
quant	591	1123776180981888	1624576	1123776182822336
quant	592	1123776180982400	1742848	1123776182797376
quant	593	1123776180982848	1584512	1123776182796032
quant	626	1123776180983296	2791168	1123776184101696
quant	627	1123776180983872	1552256	1123776182537344
quant	616	1123776196503808	232128	1123776196946176
quant	617	1123776196507520	226176	1123776196994816
quant	618	1123776196508096	300672	1123776196878144
quant	619	1123776196508672	286912	1123776196880128
quant	620	1123776196522240	244032	1123776196898624
quant	621	1123776196522880	302080	1123776196826112
quant	658	1123776199256320	227840	1123776199512832
quant	659	1123776199258496	203456	1123776199493952
quant	660	1123776199258880	215104	1123776199479104
quant	661	1123776199259200	233344	1123776199504000
quant	662	1123776199259456	211264	1123776199488000
quant	663	1123776199259648	228032	1123776199488448
quant	628	1123776200283648	227648	1123776200524736
quant	629	1123776200285632	213888	1123776200528064
quant	630	1123776200285952	220544	1123776200511360
quant	631	1123776200286208	211392	1123776200532480
quant	632	1123776200286528	219072	1123776200544896
quant	633	1123776200286848	195584	1123776200483648
quant	602	1123776203843328	208704	1123776204135104
quant	603	1123776203846720	198912	1123776204139648
quant	604	1123776203846976	201216	1123776204055616
quant	605	1123776203847232	205312	1123776204073088
quant	606	1123776203847488	204416	1123776204229312
quant	607	1123776203847680	182784	1123776204031360
quant	608	1123776208076736	252800	1123776208347264
quant	609	1123776208079424	254208	1123776208357184
quant	690	1123776208079808	258176	1123776208343296
quant	691	1123776208080064	247232	1123776208361728
quant	692	1123776208080320	311616	1123776208504320
quant	693	1123776208081088	227200	1123776208309440
quant	694	1123776223547392	311424	1123776223928576
quant	695	1123776223548096	490432	1123776224264960
quant	696	1123776223548736	329088	1123776223920384
quant	697	1123776223549184	323584	1123776223925248
quant	698	1123776223549632	266688	1123776223946496
quant	699	1123776223550080	332416	1123776223883264
quant	686	1123776269157760	2123136	1123776271413568
quant	687	1123776269160576	2100800	1123776271426880
quant	688	1123776269161088	2845760	1123776272117568
quant	689	1123776269161536	2073856	1123776271374528
quant	722	1123776269162048	2049344	1123776271363136
quant	723	1123776269162624	1854336	1123776271018048
quant	650	1123776284855360	278144	1123776285267648
quant	651	1123776284861056	233408	1123776285330304
quant	652	1123776284863104	305344	1123776285233856
quant	653	1123776284864000	252736	1123776285262656
quant	654	1123776284864576	312000	1123776285429568
quant	655	1123776284865600	320832	1123776285187968
quant	656	1123776289407360	232384	1123776289799296
quant	657	1123776289407808	221376	1123776289796736
quant	738	1123776289408192	401152	1123776289853312
quant	739	1123776289408512	228800	1123776289736512
quant	740	1123776289408768	210688	1123776289822912
quant	741	1123776289409024	201664	1123776289611840
quant	708	1123776291035904	222976	1123776291277184
quant	709	1123776291038528	235328	1123776291504128
quant	710	1123776291038848	223296	1123776291268032
quant	711	1123776291039104	235904	1123776291358592
quant	712	1123776291039424	215680	1123776291446528
quant	713	1123776291039680	190144	1123776291230592
quant	756	1123776295381632	316160	1123776295897984
quant	757	1123776295384320	170240	1123776295768000
quant	758	1123776295384576	206336	1123776295597312
quant	759	1123776295385344	180800	1123776295724544
quant	760	1123776295385664	176320	1123776295728704
quant	761	1123776295385984	504768	1123776295891520
quant	640	1123776300234432	232960	1123776300486784
quant	641	1123776300237440	227968	1123776300500352
quant	770	1123776300237760	224192	1123776300468096
quant	771	1123776300238016	227712	1123776300492864
quant	772	1123776300238912	210560	1123776300652928
quant	773	1123776300239168	202240	1123776300442048
quant	714	1123776310743296	228672	1123776310998208
quant	715	1123776310745472	240192	1123776311075200
quant	716	1123776310745728	235072	1123776310986240
quant	717	1123776310746048	234560	1123776310995072
quant	718	1123776310746304	214528	1123776311053504
quant	719	1123776310746688	216320	1123776310963840
quant	736	1123776337122048	1117056	1123776338366016
quant	737	1123776337124992	1044288	1123776338409664
quant	786	1123776337125632	1229184	1123776338416768
quant	787	1123776337126144	1056768	1123776338370880
quant	788	1123776337126656	1409408	1123776338870464
quant	789	1123776337127104	1043776	1123776338172032
quant	790	1123776351943296	302464	1123776352368768
quant	791	1123776351946688	248000	1123776352374016
quant	792	1123776351947264	326976	1123776352340288
quant	793	1123776351947968	234112	1123776352419776
quant	794	1123776351950336	231040	1123776352470528
quant	795	1123776351950848	337216	1123776352288960
quant	796	1123776354770496	228480	1123776355012992
quant	797	1123776354772672	222272	1123776355014016
quant	798	1123776354774656	214016	1123776354992256
quant	799	1123776354774976	222400	1123776355020544
quant	800	1123776354775232	210496	1123776355012864
quant	801	1123776354775488	186560	1123776354962560
quant	762	1123776355749632	229696	1123776355992896
quant	763	1123776355751744	214272	1123776355983360
quant	764	1123776355752000	216576	1123776355973696
quant	765	1123776355752256	209920	1123776355985024
quant	766	1123776355752512	205568	1123776355985280
quant	767	1123776355752768	201472	1123776355954944
quant	768	1123776361532672	214592	1123776361818304
quant	769	1123776361536640	311616	1123776362023360
quant	850	1123776361537088	229120	1123776361775232
quant	851	1123776361537664	202432	1123776361818560
quant	852	1123776361538176	187904	1123776361815488
quant	853	1123776361538560	216384	1123776361756544
quant	830	1123776371071040	303552	1123776371454080
quant	831	1123776371074560	293056	1123776371453184
quant	832	1123776371075136	345664	1123776371429056
quant	833	1123776371075648	280512	1123776371500544
quant	866	1123776371076096	266816	1123776371494528
quant	867	1123776371076544	324416	1123776371401920
quant	868	1123776383472384	262272	1123776383758528
quant	869	1123776383475264	253696	1123776383809216
quant	870	1123776383475712	252224	1123776383733376
quant	871	1123776383476160	285120	1123776383932096
quant	872	1123776383476416	328768	1123776384048704
quant	873	1123776383476800	244992	1123776383722752
quant	882	1123776400192768	1138496	1123776401427584
quant	883	1123776400197440	1107328	1123776401460544
quant	884	1123776400198080	1134272	1123776401343808
quant	885	1123776400198656	1127360	1123776401352448
quant	886	1123776400199232	1021568	1123776402208960
quant	887	1123776400200000	984768	1123776401186752
quant	748	1123776419157888	242304	1123776419440768
quant	749	1123776419160192	231616	1123776419436032
quant	750	1123776419160576	234240	1123776419402304
quant	751	1123776419161152	234176	1123776419413632
quant	752	1123776419161920	225024	1123776419413568
quant	753	1123776419162368	202496	1123776419365760
quant	854	1123776421757632	229760	1123776422008320
quant	855	1123776421759680	225984	1123776422016192
quant	856	1123776421760000	219712	1123776421984896
quant	857	1123776421760384	223168	1123776421994496
quant	858	1123776421760640	204224	1123776421989440
quant	859	1123776421760960	198080	1123776421959680
quant	894	1123776422748736	231232	1123776422994048
quant	895	1123776422750720	232896	1123776423007616
quant	896	1123776422751040	223040	1123776422979840
quant	897	1123776422751296	218240	1123776422987328
quant	914	1123776422751680	210624	1123776422990656
quant	915	1123776422752512	191104	1123776422944192
quant	900	1123776426360768	191296	1123776426623104
quant	901	1123776426363648	182592	1123776426676864
quant	902	1123776426363968	196544	1123776426620608
quant	903	1123776426364288	174976	1123776426677568
quant	904	1123776426364672	176704	1123776426685120
quant	905	1123776426364992	166208	1123776426532608
quant	906	1123776429081728	236864	1123776429336064
quant	907	1123776429084544	231744	1123776429338624
quant	908	1123776429084928	231360	1123776429323328
quant	909	1123776429085312	229632	1123776429343872
quant	910	1123776429085568	234432	1123776429353536
quant	911	1123776429085824	207232	1123776429293504
quant	916	1123776439213696	235136	1123776439463360
quant	917	1123776439215936	221376	1123776439468800
quant	918	1123776439217472	223936	1123776439445248
quant	919	1123776439217664	449984	1123776439684928
quant	920	1123776439217984	213440	1123776439458112
quant	921	1123776439218176	208384	1123776439427072
quant	880	1123776461440128	1181120	1123776462770432
quant	881	1123776461443200	1139008	1123776462796864
quant	946	1123776461443712	1210560	1123776462717760
quant	947	1123776461444160	1145728	1123776462747456
quant	948	1123776461444736	1113280	1123776462829952
quant	949	1123776461445184	1110784	1123776462557184
quant	950	1123776475038784	227904	1123776475532544
quant	951	1123776475041216	228864	1123776475543360
quant	952	1123776475041792	277376	1123776475386304
quant	953	1123776475042560	242368	1123776475436672
quant	954	1123776475043072	236480	1123776475489472
quant	955	1123776475045120	257344	1123776475303936
quant	978	1123776479796416	234304	1123776480065152
quant	979	1123776479798848	224576	1123776480060800
quant	980	1123776479799104	219392	1123776480025920
quant	981	1123776479799360	217216	1123776480031424
quant	982	1123776479799680	220160	1123776480043712
quant	983	1123776479800000	195072	1123776479995840
quant	942	1123776481917888	240128	1123776482171968
quant	943	1123776481920128	226944	1123776482152896
quant	944	1123776481920448	214592	1123776482162752
quant	945	1123776481920704	219584	1123776482157504
quant	994	1123776481927488	217984	1123776482162048
quant	995	1123776481927744	201792	1123776482130432
quant	984	1123776491788224	377344	1123776492325696
quant	985	1123776491791296	382528	1123776492390592
quant	986	1123776491791808	388032	1123776492241024
quant	987	1123776491792832	369408	1123776492233536
quant	988	1123776491793344	365888	1123776492242496
quant	989	1123776491793920	382528	1123776492177344
quant	990	1123776496771008	236864	1123776497036416
quant	991	1123776496774208	223168	1123776497027648
quant	992	1123776496774592	228032	1123776497007680
quant	993	1123776496775040	228608	1123776497014720
quant	1042	1123776496775360	225280	1123776497018048
quant	1043	1123776496775616	202176	1123776496978624
quant	956	1123776506755072	229376	1123776506998592
quant	957	1123776506757184	214976	1123776507004288
quant	958	1123776506757504	223552	1123776506986240
quant	959	1123776506757760	223232	1123776506999680
quant	960	1123776506758016	217984	1123776507002560
quant	961	1123776506758336	197184	1123776506956160
quant	1058	1123776530192000	1081600	1123776531472128
quant	1059	1123776530194944	1056000	1123776531502784
quant	1060	1123776530195776	1117568	1123776531376000
quant	1061	1123776530196352	1106112	1123776531426560
quant	1062	1123776530196736	1028416	1123776531483584
quant	1063	1123776530197312	1045440	1123776531243968
quant	1034	1123776543402816	249536	1123776543772224
quant	1035	1123776543405888	240000	1123776543825408
quant	1036	1123776543406528	250176	1123776543715456
quant	1037	1123776543406976	237888	1123776543816000
quant	1038	1123776543407552	208064	1123776543877632
quant	1039	1123776543408448	259520	1123776543669120
quant	1014	1123776546129472	226880	1123776546376320
quant	1015	1123776546131520	226368	1123776546388352
quant	1016	1123776546131776	219392	1123776546356288
quant	1017	1123776546132160	207872	1123776546351040
quant	1018	1123776546132416	220416	1123776546376064
quant	1019	1123776546132736	200384	1123776546334336
quant	1020	1123776547124800	224960	1123776547352896
quant	1021	1123776547125120	217600	1123776547356800
quant	1022	1123776547125440	213312	1123776547346560
quant	1023	1123776547126400	223168	1123776547367744
quant	1024	1123776547126720	207488	1123776547356608
quant	1025	1123776547127040	189760	1123776547317184
quant	1090	1123776550689920	181312	1123776550935680
quant	1091	1123776550692160	166720	1123776550934400
quant	1092	1123776550692544	165632	1123776550863808
quant	1093	1123776550692928	162816	1123776550922560
quant	1094	1123776550693376	165952	1123776550940608
quant	1095	1123776550693632	150208	1123776550844480
quant	1096	1123776553385344	247168	1123776553649664
quant	1097	1123776553388160	387840	1123776553885632
quant	1098	1123776553388608	251840	1123776553646016
quant	1099	1123776553388864	247680	1123776553656448
quant	1100	1123776553389056	238464	1123776553656000
quant	1101	1123776553389312	225664	1123776553615616
quant	1114	1123776565124352	281408	1123776565418560
quant	1115	1123776565124800	269568	1123776565400320
quant	1116	1123776565125184	254400	1123776565450880
quant	1117	1123776565125504	241216	1123776565468608
quant	1118	1123776565133120	379712	1123776565695488
quant	1119	1123776565133504	266048	1123776565414592
quant	1056	1123776617683904	1416064	1123776619988800
quant	1057	1123776617687360	1383488	1123776619077568
quant	1122	1123776617689536	2326016	1123776620134528
quant	1123	1123776617690112	1378368	1123776619081024
quant	1124	1123776617690496	1351680	1123776619067456
quant	1125	1123776617691008	1223744	1123776618915904
quant	1126	1123776653685248	317376	1123776654104896
quant	1127	1123776653689024	446272	1123776654336576
quant	1128	1123776653689792	361664	1123776654062912
quant	1129	1123776653690304	345984	1123776654070208
quant	1130	1123776653690880	307584	1123776654106688
quant	1131	1123776653691392	339968	1123776654032704
quant	1132	1123776661362944	227712	1123776661646592
quant	1133	1123776661363648	394688	1123776661947584
quant	1134	1123776661364160	226240	1123776661637312
quant	1135	1123776661364544	223105	1123776661702337
quant	1136	1123776661364992	210752	1123776661701376
quant	1137	1123776661365248	196992	1123776661563136
quant	1160	1123776665317504	251520	1123776665706176
quant	1161	1123776665321152	238592	1123776665699712
quant	1162	1123776665321536	254656	1123776665580736
quant	1163	1123776665321984	256960	1123776665641856
quant	1164	1123776665322432	243520	1123776665688704
quant	1165	1123776665322816	385216	1123776665712832
quant	1172	1123776672025344	174336	1123776672284096
quant	1173	1123776672030080	175872	1123776672290944
quant	1174	1123776672030464	177344	1123776672214528
quant	1175	1123776672030720	177600	1123776672223296
quant	1176	1123776672030976	180992	1123776672283776
quant	1177	1123776672031296	160768	1123776672193408
quant	1186	1123776674706560	232896	1123776674953792
quant	1187	1123776674710208	231104	1123776674969152
quant	1188	1123776674710464	231872	1123776674946496
quant	1189	1123776674710656	223360	1123776674951040
quant	1190	1123776674710912	218880	1123776674952256
quant	1191	1123776674711104	207552	1123776674919360
quant	1140	1123776684716416	232448	1123776684955776
quant	1141	1123776684718400	229248	1123776684973952
quant	1142	1123776684723776	223104	1123776684952960
quant	1143	1123776684724032	221248	1123776684958720
quant	1144	1123776684727104	209152	1123776684959104
quant	1145	1123776684727360	209152	1123776684937792
quant	1146	1123776709429184	1206080	1123776710766464
quant	1147	1123776709431936	1211840	1123776710948672
quant	1148	1123776709432576	1268928	1123776710762304
quant	1149	1123776709433024	1205632	1123776710827008
quant	1150	1123776709433600	1149760	1123776710832896
quant	1151	1123776709434048	1196352	1123776710631104
quant	1152	1123776753373056	339136	1123776753794240
quant	1153	1123776753376256	269056	1123776753851200
quant	1234	1123776753376832	339456	1123776753777536
quant	1235	1123776753377344	288128	1123776753805888
quant	1236	1123776753377728	433664	1123776754096320
quant	1237	1123776753378176	348160	1123776753727360
quant	1238	1123776756939904	233920	1123776757208704
quant	1239	1123776756942080	246656	1123776757401728
quant	1240	1123776756942400	230272	1123776757177984
quant	1241	1123776756942656	231872	1123776757187712
quant	1242	1123776756943040	228160	1123776757195136
quant	1243	1123776756943296	210624	1123776757154624
quant	928	1123776758509632	229312	1123776758752512
quant	929	1123776758511744	235840	1123776758764608
quant	1250	1123776758512064	227904	1123776758744448
quant	1251	1123776758512384	215872	1123776758750720
quant	1252	1123776758512640	220096	1123776758760704
quant	1253	1123776758512960	207168	1123776758720896
quant	1266	1123776762145984	201408	1123776762365952
quant	1267	1123776762148288	212096	1123776762434368
quant	1268	1123776762148608	202112	1123776762358400
quant	1269	1123776762148928	200064	1123776762431232
quant	1270	1123776762149248	211264	1123776762454272
quant	1271	1123776762149440	181248	1123776762331200
quant	1288	1123776764895040	237568	1123776765147520
quant	1289	1123776764898304	236032	1123776765162496
quant	1290	1123776764898752	241280	1123776765145344
quant	1291	1123776764899008	226304	1123776765142528
quant	1292	1123776764899712	222016	1123776765144000
quant	1293	1123776764899968	209024	1123776765109504
quant	1254	1123776774886336	230656	1123776775139328
quant	1255	1123776774888512	234304	1123776775154560
quant	1256	1123776774888832	230016	1123776775124160
quant	1257	1123776774889216	226240	1123776775127616
quant	1258	1123776774889536	213184	1123776775128896
quant	1259	1123776774889856	207808	1123776775098560
quant	1120	1123776800846592	1088256	1123776802046016
quant	1121	1123776800849856	1575488	1123776802644160
quant	1298	1123776800850304	1150336	1123776802022464
quant	1299	1123776800850752	1104000	1123776802043520
quant	1300	1123776800851264	1077056	1123776802091328
quant	1301	1123776800851712	1049280	1123776801902016
quant	1260	1123776823913728	238080	1123776824190912
quant	1261	1123776823917248	239104	1123776824282944
quant	1262	1123776823917696	241536	1123776824166080
quant	1263	1123776823918464	239744	1123776824179968
quant	1264	1123776823918912	430336	1123776824464576
quant	1265	1123776823919232	214976	1123776824135232
quant	1316	1123776828806336	231040	1123776829133120
quant	1317	1123776828808576	461184	1123776829421120
quant	1318	1123776828808896	279104	1123776829094016
quant	1319	1123776828809536	243456	1123776829122048
quant	1320	1123776828809856	507904	1123776829401600
quant	1321	1123776828810240	220416	1123776829031360
quant	1336	1123776831792576	229760	1123776832051328
quant	1337	1123776831796224	227136	1123776832054016
quant	1338	1123776831796736	230144	1123776832031296
quant	1339	1123776831797184	221824	1123776832029760
quant	1340	1123776831797696	215424	1123776832029568
quant	1341	1123776831798208	385344	1123776832184704
quant	1348	1123776837358208	177600	1123776837554368
quant	1349	1123776837361408	244736	1123776837702208
quant	1350	1123776837361728	175616	1123776837543936
quant	1351	1123776837362112	169280	1123776837553152
quant	1352	1123776837362368	172608	1123776837564096
quant	1353	1123776837362624	149056	1123776837512512
quant	1228	1123776842041088	235072	1123776842304384
quant	1229	1123776842043520	232128	1123776842334912
quant	1230	1123776842043776	232192	1123776842286976
quant	1231	1123776842048384	230720	1123776842291584
quant	1232	1123776842048704	468416	1123776842568448
quant	1233	1123776842049024	207040	1123776842256704
quant	1378	1123776857211520	244032	1123776857520960
quant	1379	1123776857213696	238720	1123776857576960
quant	1380	1123776857214016	230528	1123776857449536
quant	1381	1123776857214336	227840	1123776857575808
quant	1382	1123776857214592	262720	1123776857617664
quant	1383	1123776857214912	215680	1123776857431104
quant	1278	1123776877332544	1051520	1123776878583616
quant	1279	1123776877335424	1068352	1123776878656768
quant	1280	1123776877336000	1112128	1123776878509120
quant	1281	1123776877337024	1109120	1123776878519424
quant	1394	1123776877337472	1050176	1123776878524736
quant	1395	1123776877337920	1026304	1123776878365184
quant	1384	1123776890952704	259392	1123776891356608
quant	1385	1123776890956416	240640	1123776891349568
quant	1386	1123776890956928	253952	1123776891220608
quant	1387	1123776890957440	229440	1123776891253696
quant	1388	1123776890957888	238208	1123776891325376
quant	1389	1123776890958272	233664	1123776891193024
quant	1364	1123776893633344	228800	1123776893884352
quant	1365	1123776893635392	233152	1123776893899712
quant	1366	1123776893635648	224832	1123776893865792
quant	1367	1123776893635904	222784	1123776893870912
quant	1368	1123776893636160	218176	1123776893879744
quant	1369	1123776893636544	204800	1123776893842112
quant	1370	1123776894701888	228864	1123776894946112
quant	1371	1123776894703936	248320	1123776895180864
quant	1372	1123776894704384	222528	1123776894932224
quant	1373	1123776894704704	220864	1123776894946880
quant	1374	1123776894705280	224448	1123776895143808
quant	1375	1123776894705600	212416	1123776894918976
quant	1410	1123776898469120	179520	1123776898733056
quant	1411	1123776898472064	176768	1123776898737600
quant	1412	1123776898472512	175936	1123776898653632
quant	1413	1123776898473088	173376	1123776898709248
quant	1414	1123776898473344	173824	1123776898721088
quant	1415	1123776898473600	158016	1123776898632384
quant	1416	1123776901113216	230016	1123776901422656
quant	1417	1123776901116096	231936	1123776901430656
quant	1418	1123776901116800	238080	1123776901361280
quant	1419	1123776901117632	236096	1123776901366016
quant	1420	1123776901117952	238784	1123776901425152
quant	1421	1123776901118208	212480	1123776901331456
quant	1390	1123776911393152	227008	1123776911642176
quant	1391	1123776911395392	228672	1123776911650048
quant	1392	1123776911395648	231424	1123776911632512
quant	1393	1123776911395904	231808	1123776911640256
quant	1442	1123776911396096	229248	1123776911655552
quant	1443	1123776911396672	215168	1123776911612800
quant	1444	1123776925499200	1127936	1123776926661632
quant	1445	1123776925503232	1122368	1123776926665792
quant	1446	1123776925503616	1147072	1123776926662464
quant	1447	1123776925504128	1530368	1123776927054784
quant	1448	1123776925504640	1952128	1123776927605056
quant	1449	1123776925505024	1347648	1123776926853952
quant	1360	1123776942737280	231808	1123776942988736
quant	1361	1123776942740288	225984	1123776943241088
quant	1474	1123776942740736	362624	1123776943113280
quant	1475	1123776942740992	238592	1123776943194176
quant	1476	1123776942741440	477952	1123776943467584
quant	1477	1123776942741696	212672	1123776942955264
quant	1468	1123776953565568	270464	1123776953866240
quant	1469	1123776953568384	256704	1123776953869440
quant	1470	1123776953568832	259776	1123776953833280
quant	1471	1123776953569088	261184	1123776953845120
quant	1472	1123776953569472	259584	1123776953881216
quant	1473	1123776953569792	241216	1123776953811840
quant	1506	1123776956112256	232640	1123776956368576
quant	1507	1123776956114752	235136	1123776956382784
quant	1508	1123776956115264	364672	1123776956485696
quant	1509	1123776956115712	237696	1123776956367616
quant	1510	1123776956116096	228416	1123776956370432
quant	1511	1123776956116608	334336	1123776956452416
quant	1512	1123776963138816	360960	1123776963531392
quant	1513	1123776963142976	351744	1123776963553408
quant	1514	1123776963143488	527040	1123776963685312
quant	1515	1123776963143808	540736	1123776963724352
quant	1516	1123776963145216	526912	1123776963721024
quant	1517	1123776963145600	483584	1123776963630720
quant	1518	1123776971449856	367616	1123776971846464
quant	1519	1123776971453056	233792	1123776971726656
quant	1520	1123776971453760	367360	1123776971825216
quant	1521	1123776971454016	355776	1123776971824832
quant	1538	1123776971454272	228864	1123776971716096
quant	1539	1123776971454528	337792	1123776971793024
quant	1554	1123776984490880	248640	1123776984818432
quant	1555	1123776984493056	226816	1123776984811200
quant	1556	1123776984493760	240576	1123776984739456
quant	1557	1123776984494016	244544	1123776984754560
quant	1558	1123776984494464	222720	1123776984800640
quant	1559	1123776984494912	223232	1123776984718976
quant	1546	1123777002208192	1137728	1123777003382528
quant	1547	1123777002211200	1124864	1123777003466752
quant	1548	1123777002211776	1150912	1123777003372672
quant	1549	1123777002212288	1129408	1123777003362432
quant	1550	1123777002212992	1099968	1123777003416832
quant	1551	1123777002213504	1037248	1123777003251584
quant	1450	1123777017288064	241216	1123777017720000
quant	1451	1123777017291200	243776	1123777017782016
quant	1452	1123777017291712	277824	1123777017628544
quant	1453	1123777017292288	249664	1123777017660096
quant	1454	1123777017292736	240064	1123777017663232
quant	1455	1123777017293248	283776	1123777017578240
quant	1532	1123777020101440	235712	1123777020358400
quant	1533	1123777020103744	236992	1123777020375040
quant	1534	1123777020104064	228800	1123777020337664
quant	1535	1123777020104384	226368	1123777020341696
quant	1536	1123777020104704	225152	1123777020358144
quant	1537	1123777020105088	212544	1123777020318784
quant	1560	1123777021121216	236608	1123777021377920
quant	1561	1123777021123328	236864	1123777021383360
quant	1562	1123777021123712	234496	1123777021363264
quant	1563	1123777021124032	232832	1123777021367872
quant	1564	1123777021124288	226048	1123777021377472
quant	1565	1123777021124544	213696	1123777021339008
quant	1552	1123777024805248	188928	1123777025089280
quant	1553	1123777024808512	185280	1123777025095104
quant	1602	1123777024808896	179264	1123777024999936
quant	1603	1123777024809216	180992	1123777025014848
quant	1604	1123777024809472	191232	1123777025082496
quant	1605	1123777024809792	157504	1123777024968448
quant	1618	1123777027828992	236032	1123777028082240
quant	1619	1123777027832256	253184	1123777028112896
quant	1620	1123777027833024	241152	1123777028080768
quant	1621	1123777027833536	228800	1123777028081600
quant	1622	1123777027833856	227328	1123777028092224
quant	1623	1123777027834240	214592	1123777028049728
quant	1650	1123777040802560	298944	1123777041226880
quant	1651	1123777040803328	255616	1123777041247616
quant	1652	1123777040803968	321216	1123777041186496
quant	1653	1123777040804480	249280	1123777041298048
quant	1654	1123777040804928	255296	1123777041360576
quant	1655	1123777040805440	341440	1123777041147904
quant	1656	1123777058998080	1151424	1123777060165440
quant	1657	1123777059009408	1144512	1123777060181504
quant	1658	1123777059009984	2145664	1123777061169728
quant	1659	1123777059010624	1128192	1123777060177792
quant	1660	1123777059011072	1120128	1123777060173504
quant	1661	1123777059011456	1034368	1123777060047424
quant	1574	1123777073409344	250240	1123777073737088
quant	1575	1123777073414592	231616	1123777073742656
quant	1576	1123777073414976	316672	1123777073745664
quant	1577	1123777073415360	293120	1123777073789568
quant	1578	1123777073417152	226752	1123777073730880
quant	1579	1123777073417536	215296	1123777073634304
quant	1580	1123777077700928	227712	1123777077996224
quant	1581	1123777077701376	309568	1123777078085632
quant	1582	1123777077701696	234368	1123777077975424
quant	1583	1123777077702400	315072	1123777078069696
quant	1584	1123777077702912	221632	1123777077983936
quant	1585	1123777077703232	204800	1123777077908736
quant	1682	1123777079558464	226624	1123777079799168
quant	1683	1123777079560768	221312	1123777079828992
quant	1684	1123777079561152	222976	1123777079789312
quant	1685	1123777079561472	224192	1123777079804224
quant	1686	1123777079561728	231872	1123777079834304
quant	1687	1123777079562112	203712	1123777079767232
quant	1662	1123777083120384	182784	1123777083319424
quant	1663	1123777083122944	189888	1123777083347776
quant	1664	1123777083123200	181056	1123777083310848
quant	1665	1123777083123648	173312	1123777083316928
quant	1698	1123777083123904	170112	1123777083320896
quant	1699	1123777083124224	157312	1123777083282432
quant	1700	1123777085729216	236160	1123777085973440
quant	1701	1123777085732352	228608	1123777085988864
quant	1702	1123777085738432	225408	1123777085968576
quant	1703	1123777085738880	226240	1123777085975168
quant	1704	1123777085739584	221056	1123777085976000
quant	1705	1123777085739904	206336	1123777085946752
quant	1706	1123777095660224	228544	1123777095903808
quant	1707	1123777095662336	226304	1123777095908416
quant	1708	1123777095662656	227968	1123777095895872
quant	1709	1123777095663040	220224	1123777095908736
quant	1710	1123777095663360	221440	1123777095913920
quant	1711	1123777095663680	202432	1123777095866624
quant	1612	1123777120194112	1072768	1123777121402304
quant	1613	1123777120197120	1059584	1123777121399616
quant	1614	1123777120197632	1111872	1123777121372096
quant	1615	1123777120198080	1035328	1123777121443200
quant	1616	1123777120198528	1040320	1123777121509760
quant	1617	1123777120198976	1035648	1123777121235776
quant	1712	1123777133818816	255424	1123777134203264
quant	1713	1123777133822208	238464	1123777134248448
quant	1746	1123777133822720	297088	1123777134183424
quant	1747	1123777133823488	255744	1123777134321664
quant	1748	1123777133823936	227456	1123777134299200
quant	1749	1123777133824448	305344	1123777134131200
quant	1750	1123777140344256	254976	1123777140764032
quant	1751	1123777140344832	225856	1123777140825344
quant	1752	1123777140345472	305472	1123777140689984
quant	1753	1123777140345984	252352	1123777140700864
quant	1754	1123777140346496	417792	1123777141012544
quant	1755	1123777140347072	296256	1123777140644096
quant	1694	1123777142610560	262976	1123777142888256
quant	1695	1123777142613056	264128	1123777142897472
quant	1696	1123777142613376	262272	1123777142881088
quant	1697	1123777142613696	346496	1123777143062080
quant	1762	1123777142614080	307776	1123777143032640
quant	1763	1123777142614400	238080	1123777142853312
quant	1624	1123777147414080	188544	1123777147704448
quant	1625	1123777147419392	196224	1123777147724032
quant	1626	1123777147419840	193664	1123777147622016
quant	1627	1123777147420352	186944	1123777147673984
quant	1628	1123777147421184	187712	1123777147694784
quant	1629	1123777147421696	273472	1123777147697024
quant	1778	1123777150684416	429248	1123777151238656
quant	1779	1123777150687552	263936	1123777150958208
quant	1780	1123777150687872	262720	1123777150989312
quant	1781	1123777150688128	266624	1123777150976832
quant	1782	1123777150692096	250240	1123777150969088
quant	1783	1123777150692352	238272	1123777150931584
quant	1800	1123777169180480	364544	1123777169603264
quant	1801	1123777169180928	349376	1123777169624640
quant	1802	1123777169181312	271040	1123777169499200
quant	1803	1123777169181632	265536	1123777169519232
quant	1804	1123777169181952	236224	1123777169568320
quant	1805	1123777169182208	237184	1123777169420480
quant	1806	1123777190444672	1069568	1123777191539648
quant	1807	1123777190447232	1816064	1123777192349568
quant	1808	1123777190447616	1335744	1123777191794560
quant	1809	1123777190448000	1625984	1123777192181952
quant	1810	1123777190448384	1629888	1123777192193408
quant	1811	1123777190448640	971456	1123777191421120
quant	1756	1123777212975040	245505	1123777213466625
quant	1757	1123777212978496	238656	1123777213465472
quant	1758	1123777212979072	315968	1123777213304320
quant	1759	1123777212979584	428544	1123777213532288
quant	1760	1123777212980096	243328	1123777213404480
quant	1761	1123777212980608	295488	1123777213277632
quant	1828	1123777222045824	384192	1123777222459840
quant	1829	1123777222046272	361344	1123777222454336
quant	1830	1123777222046656	259776	1123777222324608
quant	1831	1123777222047040	243072	1123777222395392
quant	1832	1123777222047360	232384	1123777222389632
quant	1833	1123777222047680	225728	1123777222274368
quant	1834	1123777223607296	252608	1123777223872448
quant	1835	1123777223609600	258048	1123777223871488
quant	1836	1123777223609984	231424	1123777223945600
quant	1837	1123777223610304	422912	1123777224127232
quant	1838	1123777223610624	226496	1123777223936128
quant	1839	1123777223610944	231296	1123777223842880
quant	1840	1123777227990144	188800	1123777228298816
quant	1841	1123777227992576	188224	1123777228314176
quant	1858	1123777227992896	327616	1123777228408384
quant	1859	1123777227993344	190272	1123777228292096
quant	1860	1123777227993536	185728	1123777228306752
quant	1861	1123777227993856	190912	1123777228185344
quant	1818	1123777233761984	236928	1123777234028864
quant	1819	1123777233766016	242176	1123777234043136
quant	1820	1123777233766400	248576	1123777234023104
quant	1821	1123777233766720	241280	1123777234025856
quant	1822	1123777233767040	241920	1123777234048832
quant	1823	1123777233767360	221632	1123777233990208
quant	1770	1123777247929536	237440	1123777248183360
quant	1771	1123777247932416	235968	1123777248192192
quant	1772	1123777247932928	237760	1123777248175360
quant	1773	1123777247933376	231744	1123777248196224
quant	1774	1123777247933696	229952	1123777248379072
quant	1775	1123777247933952	213952	1123777248148864
quant	1790	1123777268957440	1098944	1123777270076544
quant	1791	1123777268960512	1696640	1123777270688256
quant	1792	1123777268960960	1698176	1123777270667136
quant	1793	1123777268961536	1106880	1123777270107008
quant	1890	1123777268962048	1101376	1123777270159424
quant	1891	1123777268962496	1041280	1123777270004800
quant	1824	1123777287939456	245824	1123777288283264
quant	1825	1123777287942848	240960	1123777288293888
quant	1922	1123777287943168	249856	1123777288201216
quant	1923	1123777287943552	244736	1123777288272192
quant	1924	1123777287943808	231616	1123777288277824
quant	1925	1123777287944064	219584	1123777288165056
quant	1926	1123777291226112	257536	1123777291531136
quant	1927	1123777291226496	255552	1123777291538816
quant	1928	1123777291230592	267264	1123777291524544
quant	1929	1123777291231104	265536	1123777291531968
quant	1930	1123777291231424	451136	1123777291748992
quant	1931	1123777291232000	241152	1123777291473856
quant	1878	1123777292494080	234176	1123777292742080
quant	1879	1123777292496384	229952	1123777292757056
quant	1880	1123777292496704	233920	1123777292735680
quant	1881	1123777292496960	229824	1123777292744128
quant	1882	1123777292497280	239296	1123777292760768
quant	1883	1123777292497600	213632	1123777292712064
quant	1910	1123777296123840	221888	1123777296431424
quant	1911	1123777296126208	187008	1123777296320960
quant	1912	1123777296126464	216640	1123777296366144
quant	1913	1123777296126720	183616	1123777296325440
quant	1914	1123777296132352	201152	1123777296415936
quant	1915	1123777296132672	166336	1123777296299840
quant	1916	1123777298849728	265920	1123777299149248
quant	1917	1123777298852608	255296	1123777299144896
quant	1918	1123777298852992	262464	1123777299120320
quant	1919	1123777298853248	263680	1123777299127360
quant	1920	1123777298853568	263296	1123777299134784
quant	1921	1123777298853888	242304	1123777299096960
quant	1884	1123777320098432	240192	1123777320579968
quant	1885	1123777320101248	227264	1123777320576576
quant	1886	1123777320101760	240512	1123777320347968
quant	1887	1123777320103040	241472	1123777320361856
quant	1888	1123777320103616	238592	1123777320373504
quant	1889	1123777320104000	233216	1123777320338752
quant	1970	1123777348620160	1584960	1123777350233920
quant	1971	1123777348625280	1044736	1123777349704320
quant	1972	1123777348626048	1309568	1123777349946944
quant	1973	1123777348626560	1541568	1123777350212672
quant	1974	1123777348627008	1052352	1123777349732096
quant	1975	1123777348627392	1197056	1123777349826752
quant	1976	1123777362629312	240128	1123777362887488
quant	1977	1123777362632576	240768	1123777362895040
quant	1978	1123777362633600	237696	1123777362877184
quant	1979	1123777362633984	242688	1123777362906560
quant	1980	1123777362634304	250048	1123777362922112
quant	1981	1123777362634560	227200	1123777362862784
quant	1982	1123777367201728	240896	1123777367466240
quant	1983	1123777367204096	245312	1123777367482112
quant	1984	1123777367204544	238080	1123777367448064
quant	1985	1123777367204864	250112	1123777367467968
quant	2002	1123777367205120	237888	1123777367469824
quant	2003	1123777367205376	220352	1123777367426240
quant	2004	1123777368790976	235328	1123777369029504
quant	2005	1123777368791296	237376	1123777369044672
quant	2006	1123777368791744	235840	1123777369037120
quant	2007	1123777368792192	235520	1123777369049280
quant	2008	1123777368792640	236672	1123777369055296
quant	2009	1123777368793536	216704	1123777369010816
quant	2010	1123777374827648	363456	1123777375223232
quant	2011	1123777374832064	354624	1123777375228544
quant	2012	1123777374833408	561728	1123777375406592
quant	2013	1123777374833856	350912	1123777375202304
quant	2014	1123777374835264	344512	1123777375212160
quant	2015	1123777374835584	528768	1123777375366016
quant	2016	1123777383016704	227456	1123777383272512
quant	2017	1123777383019136	228096	1123777383280640
quant	2050	1123777383020480	357696	1123777383385856
quant	2051	1123777383020864	224832	1123777383262528
quant	2052	1123777383021376	227200	1123777383285312
quant	2053	1123777383021696	332224	1123777383354880
quant	2054	1123777394546240	230208	1123777394861760
quant	2055	1123777394556160	231680	1123777394871744
quant	2056	1123777394556928	225856	1123777394837696
quant	2057	1123777394557248	223936	1123777394844032
quant	2058	1123777394569408	220416	1123777394865216
quant	2059	1123777394569792	207616	1123777394778112
quant	2060	1123777414694464	1071168	1123777416731392
quant	2061	1123777414697344	1073216	1123777416863424
quant	2062	1123777414698176	1095424	1123777415799232
quant	2063	1123777414698432	1080896	1123777415794432
quant	2064	1123777414698752	1063488	1123777415786624
quant	2065	1123777414699008	959232	1123777415659264
quant	1998	1123777432633472	240640	1123777432977152
quant	1999	1123777432634240	379712	1123777433141440
quant	2000	1123777432634688	238144	1123777432915200
quant	2001	1123777432635072	381504	1123777433126848
quant	2066	1123777432635392	332736	1123777433248384
quant	2067	1123777432635840	276864	1123777432915008
quant	2042	1123777440248640	182656	1123777440629632
quant	2043	1123777440252672	200640	1123777440774208
quant	2044	1123777440253120	186688	1123777440446336
quant	2045	1123777440253696	475264	1123777440744320
quant	2046	1123777440253952	166208	1123777440584576
quant	2047	1123777440254272	162176	1123777440417984
quant	2074	1123777443530240	236736	1123777443832512
quant	2075	1123777443533824	250944	1123777443926272
quant	2076	1123777443534656	238144	1123777443780352
quant	2077	1123777443535936	229632	1123777443781312
quant	2078	1123777443536384	225664	1123777443814976
quant	2079	1123777443536640	212032	1123777443750208
quant	2092	1123777453787840	236736	1123777454150144
quant	2093	1123777453788672	241792	1123777454164672
quant	2094	1123777453789056	228480	1123777454122112
quant	2095	1123777453789312	227328	1123777454127104
quant	2096	1123777453794816	227072	1123777454135168
quant	2097	1123777453795200	211904	1123777454007552
quant	2098	1123777468244928	1103936	1123777469429696
quant	2099	1123777468247936	1124544	1123777469517568
quant	2100	1123777468248384	1096640	1123777469352896
quant	2101	1123777468248768	1100928	1123777469368896
quant	2102	1123777468249088	1098304	1123777470235456
quant	2103	1123777468249856	1026048	1123777469493568
quant	1898	1123777485864064	241344	1123777486134400
quant	1899	1123777485867136	242176	1123777486150528
quant	1900	1123777485867584	238976	1123777486112448
quant	1901	1123777485867840	242880	1123777486126208
quant	1902	1123777485868096	233792	1123777486136128
quant	1903	1123777485868800	218944	1123777486089152
quant	2130	1123777490884800	185216	1123777491089856
quant	2131	1123777490889152	186048	1123777491113920
quant	2132	1123777490889472	187264	1123777491083456
quant	2133	1123777490889664	277120	1123777491192384
quant	2134	1123777490890048	178560	1123777491100672
quant	2135	1123777490890368	260160	1123777491151872
quant	2136	1123777495227008	237376	1123777495489792
quant	2137	1123777495230080	240320	1123777495513408
quant	2138	1123777495230528	356352	1123777495599936
quant	2139	1123777495230976	232768	1123777495493312
quant	2140	1123777495231360	224384	1123777495506304
quant	2141	1123777495231936	335872	1123777495568896
quant	2142	1123777507752064	236736	1123777508006272
quant	2143	1123777507754496	229504	1123777508025280
quant	2144	1123777507755392	222336	1123777507982400
quant	2145	1123777507755712	220032	1123777507997760
quant	2162	1123777507756032	241664	1123777508031360
quant	2163	1123777507756352	207424	1123777507964800
quant	2156	1123777522261696	1082624	1123777523367296
quant	2157	1123777522264640	1074112	1123777523366464
quant	2158	1123777522264896	1095232	1123777523366080
quant	2159	1123777522265216	1093824	1123777523445824
quant	2160	1123777522265472	1083520	1123777523441536
quant	2161	1123777522265728	1000640	1123777523267072
quant	2182	1123777535656896	240768	1123777536038336
quant	2183	1123777535660288	246208	1123777536052288
quant	2184	1123777535660672	240512	1123777535957056
quant	2185	1123777535660992	241280	1123777535966720
quant	2186	1123777535661312	242816	1123777536031040
quant	2187	1123777535661632	210752	1123777535873024
quant	2210	1123777540782144	198400	1123777541008384
quant	2211	1123777540784640	188096	1123777541004864
quant	2212	1123777540784896	189248	1123777540983232
quant	2213	1123777540785216	179648	1123777540979456
quant	2214	1123777540785536	175168	1123777540997824
quant	2215	1123777540785856	162176	1123777540948736
quant	2216	1123777543488192	242944	1123777543747264
quant	2217	1123777543491520	236672	1123777543758400
quant	2218	1123777543491968	236736	1123777543733888
quant	2219	1123777543492224	229504	1123777543739968
quant	2220	1123777543492608	226304	1123777543743232
quant	2221	1123777543492928	215616	1123777543710336
quant	2188	1123777553611200	232384	1123777553858688
quant	2189	1123777553613632	230656	1123777553875072
quant	2190	1123777553614080	237248	1123777553856896
quant	2191	1123777553614336	231616	1123777553864192
quant	2192	1123777553614656	224512	1123777553863808
quant	2193	1123777553615104	214336	1123777553830208
quant	2128	1123777575219968	1080576	1123777576431616
quant	2129	1123777575222720	1047104	1123777576409344
quant	2226	1123777575223168	1077568	1123777576363072
quant	2227	1123777575223488	1076544	1123777576367360
quant	2228	1123777575223808	1037824	1123777577222144
quant	2229	1123777575224192	959168	1123777576184000
quant	2242	1123777592491456	238592	1123777592903360
quant	2243	1123777592494912	237184	1123777592956608
quant	2244	1123777592495424	300160	1123777592855296
quant	2245	1123777592495872	380992	1123777592970368
quant	2246	1123777592496384	247104	1123777592898176
quant	2247	1123777592496896	409216	1123777592907328
quant	2248	1123777604430912	196608	1123777604830528
quant	2249	1123777604434496	180417	1123777604821569
quant	2250	1123777604435712	367168	1123777604821568
quant	2251	1123777604436480	235456	1123777604748800
quant	2252	1123777604437056	190464	1123777604769664
quant	2253	1123777604437696	358592	1123777604797824
quant	2254	1123777607550592	231808	1123777607798464
quant	2255	1123777607553792	234816	1123777607807616
quant	2256	1123777607554176	240320	1123777607800192
quant	2257	1123777607555712	239872	1123777607819776
quant	2274	1123777607556032	237056	1123777607824832
quant	2275	1123777607556288	218304	1123777607775616
quant	2202	1123777617728960	234944	1123777617982464
quant	2203	1123777617731456	234496	1123777618212864
quant	2204	1123777617731776	228416	1123777617965440
quant	2205	1123777617732032	232320	1123777617977792
quant	2206	1123777617732800	237504	1123777618188736
quant	2207	1123777617733120	216960	1123777617950976
quant	2208	1123777637610880	1088320	1123777639862144
quant	2209	1123777637615232	1093632	1123777639873216
quant	2306	1123777637615744	1093824	1123777638772672
quant	2307	1123777637616320	1087808	1123777638778176
quant	2308	1123777637616832	1089856	1123777639714560
quant	2309	1123777637617280	1005312	1123777638624256
quant	2260	1123777662302464	286848	1123777662616704
quant	2261	1123777662305792	242624	1123777662705728
quant	2262	1123777662312320	424256	1123777662742976
quant	2263	1123777662313024	406336	1123777662753344
quant	2264	1123777662313984	240448	1123777662649408
quant	2265	1123777662314560	277120	1123777662593088
quant	2300	1123777671559104	206592	1123777671889920
quant	2301	1123777671562176	188800	1123777671995648
quant	2302	1123777671562688	233664	1123777671856384
quant	2303	1123777671563200	201600	1123777671942912
quant	2304	1123777671563712	196672	1123777671948160
quant	2305	1123777671564160	241344	1123777671806208
quant	2266	1123777674682944	243968	1123777674957824
quant	2267	1123777674686080	234112	1123777674954432
quant	2268	1123777674686784	246656	1123777674938816
quant	2269	1123777674687104	243008	1123777674942976
quant	2270	1123777674687424	238016	1123777674945408
quant	2271	1123777674687616	215616	1123777674904128
quant	2344	1123777684950592	238912	1123777685212416
quant	2345	1123777684953472	236288	1123777685222144
quant	2346	1123777684953792	244736	1123777685204800
quant	2347	1123777684954112	228992	1123777685195264
quant	2348	1123777684954368	233856	1123777685214336
quant	2349	1123777684954688	214784	1123777685170624
quant	2176	1123777710299648	3640704	1123777714659200
quant	2177	1123777710302912	1463168	1123777712709568
quant	2354	1123777710303424	1166976	1123777711501696
quant	2355	1123777710303808	1395136	1123777712631552
quant	2356	1123777710304256	1541376	1123777712912832
quant	2357	1123777710304768	1064896	1123777711370752
quant	2350	1123777727918464	250368	1123777728359616
quant	2351	1123777727921664	248640	1123777728428480
quant	2352	1123777727927104	321280	1123777728303232
quant	2353	1123777727927616	281664	1123777728326592
quant	2370	1123777727928064	242624	1123777728364672
quant	2371	1123777727928512	329216	1123777728258752
quant	2288	1123777740984384	404608	1123777741632064
quant	2289	1123777740989184	380608	1123777741622080
quant	2386	1123777740990016	562944	1123777741577984
quant	2387	1123777740990656	472064	1123777741566592
quant	2388	1123777740991296	428928	1123777741592320
quant	2389	1123777740991872	603008	1123777741596800
quant	2328	1123777746111296	256576	1123777746501568
quant	2329	1123777746114688	257408	1123777746562880
quant	2330	1123777746115136	301760	1123777746478080
quant	2331	1123777746115648	265984	1123777746501952
quant	2332	1123777746116096	241984	1123777746607168
quant	2333	1123777746116608	303104	1123777746421504
quant	2358	1123777756480000	230016	1123777756739904
quant	2359	1123777756482304	235968	1123777756752192
quant	2360	1123777756482752	231744	1123777756719872
quant	2361	1123777756483072	232704	1123777756729216
quant	2362	1123777756483264	229632	1123777756732352
quant	2363	1123777756483520	213312	1123777756697472
quant	2378	1123777779404288	1079488	1123777780732160
quant	2379	1123777779407424	1071424	1123777780781312
quant	2380	1123777779407936	1171264	1123777780642240
quant	2381	1123777779408320	1141440	1123777780672896
quant	2382	1123777779408832	1107136	1123777780703040
quant	2383	1123777779409216	1101952	1123777780512000
quant	2390	1123777793327104	248768	1123777793764736
quant	2391	1123777793330176	255744	1123777793825728
quant	2392	1123777793330752	314368	1123777793707584
quant	2393	1123777793331776	281152	1123777793735232
quant	2394	1123777793332352	245312	1123777793876800
quant	2395	1123777793332864	342080	1123777793676096
quant	2364	1123777799118976	208640	1123777799450304
quant	2365	1123777799121920	194432	1123777799561088
quant	2366	1123777799122496	232512	1123777799415296
quant	2367	1123777799122944	195648	1123777799496832
quant	2368	1123777799123392	173568	1123777799534336
quant	2369	1123777799123840	235456	1123777799360384
quant	2396	1123777802114368	244480	1123777802622848
quant	2397	1123777802117376	233344	1123777802615552
quant	2398	1123777802117888	315520	1123777802495872
quant	2399	1123777802118400	274496	1123777802515392
quant	2400	1123777802121024	254208	1123777802556160
quant	2401	1123777802121536	321472	1123777802444096
quant	2466	1123777812604096	235264	1123777812854784
quant	2467	1123777812606272	239232	1123777812865984
quant	2468	1123777812606656	237696	1123777812850368
quant	2469	1123777812606976	238080	1123777812871680
quant	2470	1123777812607424	223488	1123777812861824
quant	2471	1123777812607744	214720	1123777812822976
quant	2472	1123777834897408	1105024	1123777836166592
quant	2473	1123777834900736	1107840	1123777836224704
quant	2474	1123777834901376	1140416	1123777836102848
quant	2475	1123777834902016	1130752	1123777836156224
quant	2476	1123777834902464	1113536	1123777836148416
quant	2477	1123777834902912	1067008	1123777835971264
quant	2478	1123777848283008	237440	1123777848655744
quant	2479	1123777848285632	236096	1123777848672128
quant	2480	1123777848286016	241152	1123777848539200
quant	2481	1123777848286400	249664	1123777848603712
quant	2498	1123777848286720	239360	1123777848669632
quant	2499	1123777848287296	216192	1123777848504704
quant	2454	1123777853596672	201920	1123777853930752
quant	2455	1123777853599488	195456	1123777853983424
quant	2456	1123777853600000	210560	1123777853873728
quant	2457	1123777853600512	205760	1123777853879040
quant	2458	1123777853600960	176128	1123777853969152
quant	2459	1123777853601472	215808	1123777853818304
quant	2406	1123777856694592	256576	1123777856969792
quant	2407	1123777856698304	265536	1123777856994816
quant	2408	1123777856698752	266176	1123777856971456
quant	2409	1123777856699072	260160	1123777856981312
quant	2410	1123777856699456	252224	1123777856986368
quant	2411	1123777856699840	241408	1123777856942208
quant	2446	1123777866832832	237184	1123777867093184
quant	2447	1123777866835264	242176	1123777867112896
quant	2448	1123777866835584	239296	1123777867079936
quant	2449	1123777866835840	237504	1123777867086144
quant	2514	1123777866836096	233472	1123777867097856
quant	2515	1123777866836416	222528	1123777867059776
quant	2516	1123777891418688	1143680	1123777892698688
quant	2517	1123777891421760	1078912	1123777892820416
quant	2518	1123777891422336	1189888	1123777892673792
quant	2519	1123777891422848	1114560	1123777892735104
quant	2520	1123777891423872	1102784	1123777892787840
quant	2521	1123777891424576	1116608	1123777892542016
quant	2384	1123777907239296	242112	1123777907634560
quant	2385	1123777907242688	245568	1123777907646272
quant	2546	1123777907243392	249152	1123777907500224
quant	2547	1123777907243584	246080	1123777907505536
quant	2548	1123777907243840	241024	1123777907556800
quant	2549	1123777907244160	216640	1123777907462016
quant	2512	1123777912785664	249472	1123777913109504
quant	2513	1123777912788736	197184	1123777913240640
quant	2562	1123777912789312	253952	1123777913104576
quant	2563	1123777912789824	210048	1123777913136192
quant	2564	1123777912790336	204288	1123777913190080
quant	2565	1123777912790784	262592	1123777913054528
quant	2566	1123777915704256	232000	1123777915952000
quant	2567	1123777915707456	234112	1123777915972096
quant	2568	1123777915707776	236608	1123777915949824
quant	2569	1123777915710080	236160	1123777915962368
quant	2570	1123777915710336	231360	1123777915965120
quant	2571	1123777915710656	211136	1123777915922304
quant	2572	1123777925965888	236288	1123777926223616
quant	2573	1123777925968320	229440	1123777926232000
quant	2574	1123777925969024	239040	1123777926212992
quant	2575	1123777925969408	238080	1123777926218880
quant	2576	1123777925969664	230976	1123777926225728
quant	2577	1123777925970048	215744	1123777926186304
quant	2594	1123777944255616	1445248	1123777945735168
quant	2595	1123777944261568	1048960	1123777946785728
quant	2596	1123777944263808	1471488	1123777945742656
quant	2597	1123777944265152	1443712	1123777945745856
quant	2598	1123777944265728	1436160	1123777945754688
quant	2599	1123777944268032	1798208	1123777946072576
quant	2600	1123777962110720	238528	1123777962382016
quant	2601	1123777962113664	240320	1123777962401152
quant	2602	1123777962114368	239296	1123777962359616
quant	2603	1123777962114752	239552	1123777962372096
quant	2604	1123777962115008	232512	1123777962387072
quant	2605	1123777962115328	224384	1123777962340544
quant	2532	1123777967126720	193280	1123777967338368
quant	2533	1123777967129920	191168	1123777967358144
quant	2534	1123777967130176	192768	1123777967331584
quant	2535	1123777967130496	187584	1123777967339968
quant	2536	1123777967130816	179329	1123777967339201
quant	2537	1123777967131136	167040	1123777967299072
quant	2538	1123777969805888	232768	1123777970054016
quant	2539	1123777969809344	233984	1123777970061376
quant	2540	1123777969809600	241856	1123777970056256
quant	2541	1123777969810176	238400	1123777970072256
quant	2542	1123777969810560	230016	1123777970068928
quant	2543	1123777969810816	217920	1123777970029248
quant	2544	1123777979961280	250752	1123777980276672
quant	2545	1123777979961984	251456	1123777980493504
quant	2658	1123777979962368	255040	1123777980264960
quant	2659	1123777979962624	222848	1123777980241408
quant	2660	1123777979963264	251072	1123777980430400
quant	2661	1123777979963584	214848	1123777980179008
quant	2662	1123777995557056	1054208	1123777996742144
quant	2663	1123777995559936	1060224	1123777996812672
quant	2664	1123777995560512	1097600	1123777996721728
quant	2665	1123777995561088	1084544	1123777996764736
quant	2666	1123777995561600	1071616	1123777996817920
quant	2667	1123777995562368	1014592	1123777996577664
quant	2644	1123778009815744	236032	1123778010248000
quant	2645	1123778009819072	238912	1123778010256128
quant	2646	1123778009819648	289664	1123778010118464
quant	2647	1123778009820160	251136	1123778010143360
quant	2648	1123778009822720	244224	1123778010191616
quant	2649	1123778009823488	264000	1123778010088576
quant	2676	1123778016801344	190016	1123778017235968
quant	2677	1123778016804032	200000	1123778017257408
quant	2678	1123778016804800	243968	1123778017110912
quant	2679	1123778016805248	210240	1123778017139072
quant	2680	1123778016806016	206336	1123778017191808
quant	2681	1123778016806464	258048	1123778017065472
quant	2650	1123778019713600	227200	1123778019964480
quant	2651	1123778019716800	240320	1123778019984064
quant	2652	1123778019717184	234432	1123778019956928
quant	2653	1123778019717440	233280	1123778019963008
quant	2654	1123778019718592	230528	1123778019979456
quant	2655	1123778019719040	214656	1123778019934528
quant	2694	1123778031037824	488960	1123778031577472
quant	2695	1123778031040128	233792	1123778031391616
quant	2696	1123778031041024	230656	1123778031276800
quant	2697	1123778031041792	232192	1123778031285376
quant	2698	1123778031042176	237184	1123778031297408
quant	2699	1123778031042496	215424	1123778031258816
quant	2638	1123778060984000	1142976	1123778062158528
quant	2639	1123778060987200	1493632	1123778063456448
quant	2640	1123778060987648	2585856	1123778063583424
quant	2641	1123778060988032	1108608	1123778062232768
quant	2706	1123778060988480	1103488	1123778062238720
quant	2707	1123778060988928	971520	1123778061961920
quant	2700	1123778093123200	257920	1123778093484288
quant	2701	1123778093126976	239808	1123778093529664
quant	2702	1123778093127552	309568	1123778093448128
quant	2703	1123778093128128	268608	1123778093478976
quant	2704	1123778093128768	230336	1123778093651200
quant	2705	1123778093129280	289664	1123778093420416
quant	2754	1123778105230208	471616	1123778105736000
quant	2755	1123778105233344	374656	1123778106093888
quant	2756	1123778105233600	475328	1123778105718080
quant	2757	1123778105233984	478784	1123778105731456
quant	2758	1123778105234368	367680	1123778106034816
quant	2759	1123778105234560	430784	1123778105666496
quant	2656	1123778113196480	246336	1123778113468864
quant	2657	1123778113200064	223872	1123778113651328
quant	2770	1123778113200576	245952	1123778113451648
quant	2771	1123778113200896	234624	1123778113447168
quant	2772	1123778113201216	228800	1123778113514496
quant	2773	1123778113201536	224256	1123778113426880
quant	2682	1123778128606016	236608	1123778128935808
quant	2683	1123778128608704	236736	1123778129079104
quant	2684	1123778128609152	249728	1123778128865856
quant	2685	1123778128609664	240512	1123778128867200
quant	2686	1123778128610112	233792	1123778128872128
quant	2687	1123778128610624	229760	1123778128841664
quant	2714	1123778153268544	1120128	1123778154427200
quant	2715	1123778153271424	1129472	1123778154495040
quant	2716	1123778153271744	1145792	1123778154433152
quant	2717	1123778153272192	1154432	1123778154452928
quant	2718	1123778153272448	1047808	1123778155360768
quant	2719	1123778153272768	1038592	1123778154312512
quant	2780	1123778180138688	235520	1123778180541504
quant	2781	1123778180141824	225856	1123778180597632
quant	2782	1123778180142400	294976	1123778180502592
quant	2783	1123778180142848	278592	1123778180523264
quant	2784	1123778180144064	230464	1123778180600256
quant	2785	1123778180144640	540544	1123778180686080
quant	2824	1123778189620352	202496	1123778190197760
quant	2825	1123778189623488	197312	1123778190244800
quant	2826	1123778189624192	293376	1123778189994304
quant	2827	1123778189624768	286528	1123778190046400
quant	2828	1123778189625408	254144	1123778190120064
quant	2829	1123778189625920	238336	1123778189865472
quant	2830	1123778197392768	224576	1123778197673280
quant	2831	1123778197396352	223808	1123778197836160
quant	2832	1123778197397952	236352	1123778197647168
quant	2833	1123778197398208	234560	1123778197654912
quant	2834	1123778197398912	231936	1123778197662592
quant	2835	1123778197400128	210944	1123778197611840
quant	2790	1123778213255488	336640	1123778213611264
quant	2791	1123778213257664	329536	1123778213617408
quant	2792	1123778213258048	346497	1123778213611265
quant	2793	1123778213258944	321344	1123778213621120
quant	2794	1123778213259392	316160	1123778213625216
quant	2795	1123778213259712	313600	1123778213574784
quant	2760	1123778230045888	1091008	1123778231158464
quant	2761	1123778230048768	1099200	1123778231158016
quant	2762	1123778230049216	1072832	1123778231163584
quant	2763	1123778230049664	1089728	1123778231168640
quant	2764	1123778230050112	1083840	1123778231232064
quant	2765	1123778230055232	1018048	1123778231074368
quant	2850	1123778242696128	240768	1123778243011648
quant	2851	1123778242699584	249280	1123778243027968
quant	2852	1123778242700416	242752	1123778242948800
quant	2853	1123778242700672	255744	1123778243019008
quant	2854	1123778242700928	236416	1123778243023360
quant	2855	1123778242703104	225280	1123778242929088
quant	2866	1123778247947392	182912	1123778248227200
quant	2867	1123778247950848	191168	1123778248241024
quant	2868	1123778247951232	213056	1123778248178816
quant	2869	1123778247951616	194944	1123778248221568
quant	2870	1123778247951936	180928	1123778248213376
quant	2871	1123778247952320	165568	1123778248118656
quant	2848	1123778251149120	244288	1123778251409984
quant	2849	1123778251152384	245376	1123778251482944
quant	2882	1123778251152704	246784	1123778251405504
quant	2883	1123778251152960	237184	1123778251535872
quant	2884	1123778251153728	223360	1123778251528256
quant	2885	1123778251154048	222528	1123778251377600
quant	2872	1123778261537344	234944	1123778261788480
quant	2873	1123778261539648	231744	1123778261800064
quant	2874	1123778261539904	226112	1123778261771648
quant	2875	1123778261540288	224384	1123778261784896
quant	2876	1123778261540736	230976	1123778261804224
quant	2877	1123778261541056	211008	1123778261752832
quant	2878	1123778276164096	1092928	1123778277287680
quant	2879	1123778276167232	1111936	1123778277373248
quant	2880	1123778276167680	1125440	1123778277307264
quant	2881	1123778276168192	1088896	1123778277439488
quant	2914	1123778276168448	1068864	1123778277432640
quant	2915	1123778276168896	999168	1123778277169920
quant	2730	1123778289183680	257408	1123778289465792
quant	2731	1123778289187776	253440	1123778289518272
quant	2732	1123778289188352	260480	1123778289456896
quant	2733	1123778289188864	238592	1123778289562240
quant	2734	1123778289189568	243776	1123778289623040
quant	2735	1123778289190080	235392	1123778289427200
quant	2856	1123778294340480	183296	1123778294651904
quant	2857	1123778294342528	188032	1123778294668736
quant	2858	1123778294342912	189632	1123778294595136
quant	2859	1123778294343744	188736	1123778294651584
quant	2860	1123778294344064	179136	1123778294654144
quant	2861	1123778294344384	172224	1123778294517440
quant	2916	1123778297111296	234496	1123778297412672
quant	2917	1123778297114304	255744	1123778297501504
quant	2918	1123778297114560	248128	1123778297419840
quant	2919	1123778297115328	227584	1123778297412608
quant	2920	1123778297115520	226752	1123778297477824
quant	2921	1123778297115904	213696	1123778297330496
quant	2912	1123778307651264	225728	1123778307906752
quant	2913	1123778307653504	232896	1123778307922816
quant	2946	1123778307653824	231872	1123778307891456
quant	2947	1123778307654208	228800	1123778307895872
quant	2948	1123778307654464	226496	1123778307900608
quant	2949	1123778307654848	206848	1123778307862528
quant	2922	1123778326963776	1085312	1123778329137408
quant	2923	1123778326966784	1078848	1123778329181568
quant	2924	1123778326967232	1076224	1123778328051072
quant	2925	1123778326967616	1066112	1123778328101504
quant	2926	1123778326968192	1088640	1123778329036288
quant	2927	1123778326968448	977408	1123778327947136
quant	2978	1123778346739200	245952	1123778347168320
quant	2979	1123778346742912	237504	1123778347225728
quant	2980	1123778346743424	265792	1123778347068416
quant	2981	1123778346743936	247168	1123778347109760
quant	2982	1123778346744960	252224	1123778347235200
quant	2983	1123778346745984	247040	1123778346994176
quant	2928	1123778351924352	209984	1123778352255168
quant	2929	1123778351926592	203072	1123778352254272
quant	2994	1123778351926912	223168	1123778352208832
quant	2995	1123778351927296	192064	1123778352252608
quant	2996	1123778351927552	199296	1123778352314176
quant	2997	1123778351929024	193536	1123778352123392
quant	2964	1123778354791488	230976	1123778355050752
quant	2965	1123778354794816	235200	1123778355059008
quant	2966	1123778354795072	239360	1123778355039552
quant	2967	1123778354795392	235776	1123778355043456
quant	2968	1123778354795648	231808	1123778355045440
quant	2969	1123778354795968	212160	1123778355008960
quant	2984	1123778364988672	234688	1123778365241600
quant	2985	1123778364990848	228928	1123778365251968
quant	2986	1123778364991168	235520	1123778365232192
quant	2987	1123778364991424	223744	1123778365235072
quant	2988	1123778364991744	227840	1123778365245632
quant	2989	1123778364992064	212480	1123778365205312
quant	3026	1123778388153088	1084800	1123778389423168
quant	3027	1123778388155904	1321984	1123778390516992
quant	3028	1123778388156416	1106112	1123778389325824
quant	3029	1123778388156864	1079680	1123778389365248
quant	3030	1123778388157440	1085504	1123778389490112
quant	3031	1123778388158016	1035392	1123778389194432
quant	2990	1123778403277888	258048	1123778403683072
quant	2991	1123778403285184	247296	1123778403839744
quant	2992	1123778403285760	297472	1123778403661184
quant	2993	1123778403286336	242496	1123778403723200
quant	3042	1123778403289024	242560	1123778403780544
quant	3043	1123778403289536	313024	1123778403603840
quant	2998	1123778410493632	190272	1123778410809152
quant	2999	1123778410496576	193024	1123778410889408
quant	3000	1123778410497152	195456	1123778410751936
quant	3001	1123778410497600	190080	1123778410802880
quant	3002	1123778410498176	188352	1123778410866048
quant	3003	1123778410499072	195776	1123778410695808
quant	2956	1123778413542848	235520	1123778413801664
quant	2957	1123778413545792	239936	1123778413915648
quant	2958	1123778413546176	236800	1123778413788864
quant	2959	1123778413546560	237248	1123778413796480
quant	2960	1123778413546880	234048	1123778413856192
quant	2961	1123778413547200	214208	1123778413762560
quant	3058	1123778424049536	244032	1123778424355200
quant	3059	1123778424049920	242240	1123778424409408
quant	3060	1123778424050240	250816	1123778424353344
quant	3061	1123778424050560	238528	1123778424462272
quant	3062	1123778424050944	228864	1123778424495552
quant	3063	1123778424051840	213760	1123778424266368
quant	3018	1123778447271488	1453056	1123778448827904
quant	3019	1123778447274752	1070336	1123778448505728
quant	3020	1123778447275392	1130240	1123778448420352
quant	3021	1123778447275968	1121856	1123778448477760
quant	3022	1123778447276800	1112000	1123778448601920
quant	3023	1123778447277312	1437184	1123778448719168
quant	3050	1123778461628416	288192	1123778461991744
quant	3051	1123778461631552	285824	1123778462114176
quant	3052	1123778461632064	289984	1123778461984896
quant	3053	1123778461632640	295104	1123778462060672
quant	3054	1123778461633088	282368	1123778462168192
quant	3055	1123778461633920	300032	1123778461935040
quant	3090	1123778473620800	385024	1123778474206976
quant	3091	1123778473623808	376192	1123778474255872
quant	3092	1123778473624448	430016	1123778474113024
quant	3093	1123778473625088	416896	1123778474121600
quant	3094	1123778473626176	375680	1123778474141184
quant	3095	1123778473627072	410880	1123778474039040
quant	2970	1123778478714176	497984	1123778479482624
quant	2971	1123778478717312	235008	1123778478981184
quant	2972	1123778478717696	239232	1123778478962048
quant	2973	1123778478718016	234496	1123778478963776
quant	2974	1123778478718336	235264	1123778478970624
quant	2975	1123778478719232	213312	1123778478933376
quant	2976	1123778489276352	242432	1123778489543168
quant	2977	1123778489280512	245696	1123778489553280
quant	3122	1123778489281024	244736	1123778489531328
quant	3123	1123778489281408	246272	1123778489540480
quant	3124	1123778489281728	246464	1123778489613696
quant	3125	1123778489282112	233216	1123778489516736
quant	3138	1123778513815488	1158144	1123778515103168
quant	3139	1123778513819072	1100864	1123778515117632
quant	3140	1123778513819520	1198272	1123778515081792
quant	3141	1123778513820608	1120000	1123778515188608
quant	3142	1123778513821056	1113472	1123778516056512
quant	3143	1123778513821632	1119744	1123778514942528
